{
  "excess_over_floor": {
    "hop1_excess_tail": 0.8594495985243056,
    "hop2_excess_tail": 0.05965169270833334
  },
  "final_metrics": {
    "floor_hop1_acc": 0.12841796875,
    "floor_hop2_acc": 0.14306640625,
    "hop1_acc": 1.0,
    "hop1_loss": 0.00011879926341862301,
    "hop2_acc": 0.210205078125,
    "hop2_loss": 1.963032715022564,
    "keyslot_mean": 0.03273966908454895,
    "keyslot_top1": 0.12855730950832367,
    "keyslot_top_head": 3.0,
    "keyslot_top_layer": 0.0,
    "lr": 5.000001948077038e-06,
    "p_dynamic": 1.0,
    "p_multi": 0.5,
    "train_acc": 0.5625,
    "train_loss": 1.0407681465148926
  },
  "final_step": 35999,
  "intro_snapshot": {
    "floor_hop1_acc": 0.14501953125,
    "floor_hop2_acc": 0.1416015625,
    "hop1_acc": 1.0,
    "hop1_loss": 1.20427400940315e-06,
    "hop2_acc": 0.0,
    "hop2_loss": 29.829580187797546,
    "keyslot_mean": 0.029176142066717148,
    "keyslot_top1": 0.049802977591753006,
    "keyslot_top_head": 1.0,
    "keyslot_top_layer": 3.0,
    "lr": 0.0006009064556902949,
    "p_dynamic": 1.0,
    "p_multi": 0.5,
    "step": 16000,
    "train_acc": 0.546875,
    "train_loss": 13.705463409423828
  },
  "metadata": {
    "condition": "late_gate_post_seed6",
    "extension_label": "cosine_full_horizon",
    "final_lr": 5e-06,
    "final_step": 35999,
    "intro_eval_step": 16000,
    "intro_step": 16000,
    "lr_at_intro_eval": 0.0006009064556902949,
    "lr_at_intro_formula": 0.0006009064556902949,
    "lr_at_t_schedule_eval": 5.000001948077038e-06,
    "lr_at_t_schedule_formula": 5e-06,
    "lr_final_eval": 5.000001948077038e-06,
    "lr_tail_mean": 1.320003705578538e-05,
    "max_steps": 36000,
    "peak_lr": 0.001,
    "post_intro_steps": 20000,
    "rewarm_lr": null,
    "rewarm_step": null,
    "schedule_kind": "warmup_cosine",
    "seed": 6,
    "steps_after_t_schedule": 0,
    "t_schedule": 36000,
    "t_schedule_eval_step": 35999
  },
  "n_eval_rows": 721,
  "run_dir": "runs/behavioral_replication_v0_9/s6/s1_longcos_late/late_gate_post_seed6",
  "t_schedule_snapshot": {
    "floor_hop1_acc": 0.12841796875,
    "floor_hop2_acc": 0.14306640625,
    "hop1_acc": 1.0,
    "hop1_loss": 0.00011879926341862301,
    "hop2_acc": 0.210205078125,
    "hop2_loss": 1.963032715022564,
    "keyslot_mean": 0.03273966908454895,
    "keyslot_top1": 0.12855730950832367,
    "keyslot_top_head": 3.0,
    "keyslot_top_layer": 0.0,
    "lr": 5.000001948077038e-06,
    "p_dynamic": 1.0,
    "p_multi": 0.5,
    "step": 35999,
    "train_acc": 0.5625,
    "train_loss": 1.0407681465148926
  },
  "tail_metrics": {
    "floor_hop1_acc": 0.14042833116319445,
    "floor_hop2_acc": 0.14152018229166666,
    "hop1_acc": 0.9998779296875,
    "hop2_acc": 0.201171875,
    "lr": 1.320003705578538e-05,
    "train_acc": 0.5976019965277778
  },
  "transitions": {
    "t_floor_hop1_acc_ge_0.95": null,
    "t_floor_hop1_acc_ge_0.99": null,
    "t_floor_hop2_acc_ge_0.50": null,
    "t_floor_hop2_acc_ge_0.8": null,
    "t_floor_hop2_acc_ge_0.95": null,
    "t_floor_hop2_acc_ge_0.99": null,
    "t_hop1_acc_ge_0.95": 3400,
    "t_hop1_acc_ge_0.99": 3450,
    "t_hop2_acc_ge_0.50": null,
    "t_hop2_acc_ge_0.8": null,
    "t_hop2_acc_ge_0.95": null,
    "t_hop2_acc_ge_0.99": null,
    "t_keyslot_top1_ge_half_max": 300
  }
}