{
  "excess_over_floor": {
    "hop1_excess_tail": 0.8605832891949152,
    "hop2_excess_tail": 0.022018173993644086
  },
  "final_metrics": {
    "floor_hop1_acc": 0.140625,
    "floor_hop2_acc": 0.1376953125,
    "hop1_acc": 0.999755859375,
    "hop1_loss": 0.0013529508066767448,
    "hop2_acc": 0.1669921875,
    "hop2_loss": 2.1517497897148132,
    "keyslot_mean": 0.04614884406328201,
    "keyslot_top1": 0.13280072808265686,
    "keyslot_top_head": 3.0,
    "keyslot_top_layer": 0.0,
    "lr": 5.707931487087708e-06,
    "p_dynamic": 1.0,
    "p_multi": 0.5,
    "train_acc": 0.60546875,
    "train_loss": 1.0610034465789795
  },
  "final_step": 29499,
  "intro_snapshot": {
    "floor_hop1_acc": 0.14208984375,
    "floor_hop2_acc": 0.14404296875,
    "hop1_acc": 1.0,
    "hop1_loss": 8.718276554020576e-07,
    "hop2_acc": 0.0,
    "hop2_loss": 29.10667383670807,
    "keyslot_mean": 0.02851550653576851,
    "keyslot_top1": 0.05172623693943024,
    "keyslot_top_head": 3.0,
    "keyslot_top_layer": 0.0,
    "lr": 0.0004628064124873411,
    "p_dynamic": 1.0,
    "p_multi": 0.5,
    "step": 16000,
    "train_acc": 0.546875,
    "train_loss": 13.314022064208984
  },
  "metadata": {
    "condition": "late_gate_post_seed6",
    "extension_label": "cosine_pre_horizon",
    "final_lr": 5e-06,
    "final_step": 29499,
    "intro_eval_step": 16000,
    "intro_step": 16000,
    "lr_at_intro_eval": 0.0004628064124873411,
    "lr_at_intro_formula": 0.0004628064124873411,
    "lr_at_t_schedule_eval": 5.707931487087708e-06,
    "lr_at_t_schedule_formula": 5e-06,
    "lr_final_eval": 5.707931487087708e-06,
    "lr_tail_mean": 1.7687683232546238e-05,
    "max_steps": 29500,
    "peak_lr": 0.001,
    "post_intro_steps": 13500,
    "rewarm_lr": null,
    "rewarm_step": null,
    "schedule_kind": "warmup_cosine",
    "seed": 6,
    "steps_after_t_schedule": 0,
    "t_schedule": 30000,
    "t_schedule_eval_step": 29499
  },
  "n_eval_rows": 591,
  "run_dir": "runs/behavioral_replication_v0_9/s6/s1_late_original/late_gate_post_seed6",
  "t_schedule_snapshot": {
    "floor_hop1_acc": 0.140625,
    "floor_hop2_acc": 0.1376953125,
    "hop1_acc": 0.999755859375,
    "hop1_loss": 0.0013529508066767448,
    "hop2_acc": 0.1669921875,
    "hop2_loss": 2.1517497897148132,
    "keyslot_mean": 0.04614884406328201,
    "keyslot_top1": 0.13280072808265686,
    "keyslot_top_head": 3.0,
    "keyslot_top_layer": 0.0,
    "lr": 5.707931487087708e-06,
    "p_dynamic": 1.0,
    "p_multi": 0.5,
    "step": 29499,
    "train_acc": 0.60546875,
    "train_loss": 1.0610034465789795
  },
  "tail_metrics": {
    "floor_hop1_acc": 0.1390194650423729,
    "floor_hop2_acc": 0.1436953787076271,
    "hop1_acc": 0.9996027542372882,
    "hop2_acc": 0.1657135527012712,
    "lr": 1.7687683232546238e-05,
    "train_acc": 0.5897775423728814
  },
  "transitions": {
    "t_floor_hop1_acc_ge_0.95": null,
    "t_floor_hop1_acc_ge_0.99": null,
    "t_floor_hop2_acc_ge_0.50": null,
    "t_floor_hop2_acc_ge_0.8": null,
    "t_floor_hop2_acc_ge_0.95": null,
    "t_floor_hop2_acc_ge_0.99": null,
    "t_hop1_acc_ge_0.95": 3350,
    "t_hop1_acc_ge_0.99": 3700,
    "t_hop2_acc_ge_0.50": null,
    "t_hop2_acc_ge_0.8": null,
    "t_hop2_acc_ge_0.95": null,
    "t_hop2_acc_ge_0.99": null,
    "t_keyslot_top1_ge_half_max": 300
  }
}