{
  "excess_over_floor": {
    "hop1_excess_tail": 0.8680521647135416,
    "hop2_excess_tail": 0.8637220594618056
  },
  "final_metrics": {
    "floor_hop1_acc": 0.1328125,
    "floor_hop2_acc": 0.13427734375,
    "hop1_acc": 0.9990234375,
    "hop1_loss": 0.0035536718287403346,
    "hop2_acc": 0.9970703125,
    "hop2_loss": 0.014333618064483744,
    "keyslot_mean": 0.1361127495765686,
    "keyslot_top1": 0.21639719605445862,
    "keyslot_top_head": 3.0,
    "keyslot_top_layer": 2.0,
    "lr": 0.001,
    "p_dynamic": 1.0,
    "p_multi": 0.5,
    "train_acc": 1.0,
    "train_loss": 0.0012612126301974058
  },
  "final_step": 35999,
  "intro_snapshot": {
    "floor_hop1_acc": 0.13134765625,
    "floor_hop2_acc": 0.14697265625,
    "hop1_acc": 0.99951171875,
    "hop1_loss": 0.0006290699004480871,
    "hop2_acc": 0.0,
    "hop2_loss": 25.323453187942505,
    "keyslot_mean": 0.06205373257398605,
    "keyslot_top1": 0.14391838014125824,
    "keyslot_top_head": 3.0,
    "keyslot_top_layer": 1.0,
    "lr": 0.001,
    "p_dynamic": 1.0,
    "p_multi": 0.5,
    "step": 16000,
    "train_acc": 0.46875,
    "train_loss": 15.38621997833252
  },
  "metadata": {
    "condition": "late_gate_post_seed5",
    "extension_label": "cosine_history_then_high_lr_rewarm",
    "final_lr": 5e-06,
    "final_step": 35999,
    "intro_eval_step": 16000,
    "intro_step": 16000,
    "lr_at_intro_eval": 0.001,
    "lr_at_intro_formula": 0.001,
    "lr_at_t_schedule_eval": 0.001,
    "lr_at_t_schedule_formula": 0.001,
    "lr_final_eval": 0.001,
    "lr_tail_mean": 0.0010000000000000007,
    "max_steps": 36000,
    "peak_lr": 0.001,
    "post_intro_steps": 20000,
    "rewarm_lr": 0.001,
    "rewarm_step": 16000,
    "schedule_kind": "warmup_cosine_then_rewarm_constant_reset_optim",
    "seed": 5,
    "steps_after_t_schedule": 6000,
    "t_schedule": 30000,
    "t_schedule_eval_step": 30000
  },
  "n_eval_rows": 721,
  "run_dir": "runs/behavioral_replication_v0_9/s5/rewarm_reset_late/late_gate_post_seed5",
  "t_schedule_snapshot": {
    "floor_hop1_acc": 0.13427734375,
    "floor_hop2_acc": 0.1279296875,
    "hop1_acc": 0.99658203125,
    "hop1_loss": 0.03707229917904442,
    "hop2_acc": 0.9970703125,
    "hop2_loss": 0.019912734649551567,
    "keyslot_mean": 0.1147855669260025,
    "keyslot_top1": 0.174626424908638,
    "keyslot_top_head": 2.0,
    "keyslot_top_layer": 3.0,
    "lr": 0.001,
    "p_dynamic": 1.0,
    "p_multi": 0.5,
    "step": 30000,
    "train_acc": 1.0,
    "train_loss": 0.0007992418832145631
  },
  "tail_metrics": {
    "floor_hop1_acc": 0.13167317708333334,
    "floor_hop2_acc": 0.1343315972222222,
    "hop1_acc": 0.999725341796875,
    "hop2_acc": 0.9980536566840278,
    "lr": 0.0010000000000000007,
    "train_acc": 0.9990776909722222
  },
  "transitions": {
    "t_floor_hop1_acc_ge_0.95": null,
    "t_floor_hop1_acc_ge_0.99": null,
    "t_floor_hop2_acc_ge_0.50": null,
    "t_floor_hop2_acc_ge_0.8": null,
    "t_floor_hop2_acc_ge_0.95": null,
    "t_floor_hop2_acc_ge_0.99": null,
    "t_hop1_acc_ge_0.95": 1200,
    "t_hop1_acc_ge_0.99": 1300,
    "t_hop2_acc_ge_0.50": 27550,
    "t_hop2_acc_ge_0.8": 27850,
    "t_hop2_acc_ge_0.95": 27950,
    "t_hop2_acc_ge_0.99": 28350,
    "t_keyslot_top1_ge_half_max": 27450
  }
}