{
  "excess_over_floor": {
    "hop1_excess_tail": 0.8602973090277778,
    "hop2_excess_tail": 0.03214857313368055
  },
  "final_metrics": {
    "floor_hop1_acc": 0.14306640625,
    "floor_hop2_acc": 0.13671875,
    "hop1_acc": 1.0,
    "hop1_loss": 6.929463630456212e-06,
    "hop2_acc": 0.17041015625,
    "hop2_loss": 2.1705292314291,
    "keyslot_mean": 0.06382840871810913,
    "keyslot_top1": 0.14336051046848297,
    "keyslot_top_head": 0.0,
    "keyslot_top_layer": 1.0,
    "lr": 5e-06,
    "p_dynamic": 1.0,
    "p_multi": 0.5,
    "train_acc": 0.625,
    "train_loss": 0.9673386812210083
  },
  "final_step": 35999,
  "intro_snapshot": {
    "floor_hop1_acc": 0.12939453125,
    "floor_hop2_acc": 0.14453125,
    "hop1_acc": 1.0,
    "hop1_loss": 1.0313416853868773e-06,
    "hop2_acc": 0.0,
    "hop2_loss": 27.762171506881714,
    "keyslot_mean": 0.06256885826587677,
    "keyslot_top1": 0.14398697018623352,
    "keyslot_top_head": 0.0,
    "keyslot_top_layer": 1.0,
    "lr": 0.0004628064124873411,
    "p_dynamic": 1.0,
    "p_multi": 0.5,
    "step": 16000,
    "train_acc": 0.46875,
    "train_loss": 15.38621997833252
  },
  "metadata": {
    "condition": "late_gate_post_seed5",
    "extension_label": "cosine_final_lr_plateau_extension",
    "final_lr": 5e-06,
    "final_step": 35999,
    "intro_eval_step": 16000,
    "intro_step": 16000,
    "lr_at_intro_eval": 0.0004628064124873411,
    "lr_at_intro_formula": 0.0004628064124873411,
    "lr_at_t_schedule_eval": 5e-06,
    "lr_at_t_schedule_formula": 5e-06,
    "lr_final_eval": 5e-06,
    "lr_tail_mean": 5.000000000000009e-06,
    "max_steps": 36000,
    "peak_lr": 0.001,
    "post_intro_steps": 20000,
    "rewarm_lr": null,
    "rewarm_step": null,
    "schedule_kind": "warmup_cosine",
    "seed": 5,
    "steps_after_t_schedule": 6000,
    "t_schedule": 30000,
    "t_schedule_eval_step": 30000
  },
  "n_eval_rows": 721,
  "run_dir": "runs/behavioral_replication_v0_9/s5/s1_plateau_late/late_gate_post_seed5",
  "t_schedule_snapshot": {
    "floor_hop1_acc": 0.14111328125,
    "floor_hop2_acc": 0.1259765625,
    "hop1_acc": 1.0,
    "hop1_loss": 3.956488486167586e-06,
    "hop2_acc": 0.17578125,
    "hop2_loss": 2.1900530755519867,
    "keyslot_mean": 0.06648234277963638,
    "keyslot_top1": 0.1539412885904312,
    "keyslot_top_head": 0.0,
    "keyslot_top_layer": 1.0,
    "lr": 5e-06,
    "p_dynamic": 1.0,
    "p_multi": 0.5,
    "step": 30000,
    "train_acc": 0.58984375,
    "train_loss": 1.0605437755584717
  },
  "tail_metrics": {
    "floor_hop1_acc": 0.1396416558159722,
    "floor_hop2_acc": 0.14215087890625,
    "hop1_acc": 0.99993896484375,
    "hop2_acc": 0.17429945203993055,
    "lr": 5.000000000000009e-06,
    "train_acc": 0.5897894965277778
  },
  "transitions": {
    "t_floor_hop1_acc_ge_0.95": null,
    "t_floor_hop1_acc_ge_0.99": null,
    "t_floor_hop2_acc_ge_0.50": null,
    "t_floor_hop2_acc_ge_0.8": null,
    "t_floor_hop2_acc_ge_0.95": null,
    "t_floor_hop2_acc_ge_0.99": null,
    "t_hop1_acc_ge_0.95": 1200,
    "t_hop1_acc_ge_0.99": 1300,
    "t_hop2_acc_ge_0.50": null,
    "t_hop2_acc_ge_0.8": null,
    "t_hop2_acc_ge_0.95": null,
    "t_hop2_acc_ge_0.99": null,
    "t_keyslot_top1_ge_half_max": 300
  }
}