{
  "excess_over_floor": {
    "hop1_excess_tail": 0.8601515028211806,
    "hop2_excess_tail": 0.0635952419704861
  },
  "final_metrics": {
    "floor_hop1_acc": 0.1416015625,
    "floor_hop2_acc": 0.14892578125,
    "hop1_acc": 1.0,
    "hop1_loss": 6.942340917248657e-05,
    "hop2_acc": 0.2109375,
    "hop2_loss": 1.9102707728743553,
    "keyslot_mean": 0.03333335742354393,
    "keyslot_top1": 0.06784066557884216,
    "keyslot_top_head": 1.0,
    "keyslot_top_layer": 2.0,
    "lr": 5.000001948077038e-06,
    "p_dynamic": 1.0,
    "p_multi": 0.5,
    "train_acc": 0.6171875,
    "train_loss": 0.903661847114563
  },
  "final_step": 35999,
  "intro_snapshot": {
    "floor_hop1_acc": 0.1259765625,
    "floor_hop2_acc": 0.1416015625,
    "hop1_acc": 1.0,
    "hop1_loss": 2.444715048455226e-09,
    "hop2_acc": 0.0,
    "hop2_loss": 31.132312893867493,
    "keyslot_mean": 0.02941940352320671,
    "keyslot_top1": 0.04747506603598595,
    "keyslot_top_head": 0.0,
    "keyslot_top_layer": 3.0,
    "lr": 0.0006009064556902949,
    "p_dynamic": 1.0,
    "p_multi": 0.5,
    "step": 16000,
    "train_acc": 0.46875,
    "train_loss": 16.783002853393555
  },
  "metadata": {
    "condition": "late_gate_post_seed5",
    "extension_label": "cosine_full_horizon",
    "final_lr": 5e-06,
    "final_step": 35999,
    "intro_eval_step": 16000,
    "intro_step": 16000,
    "lr_at_intro_eval": 0.0006009064556902949,
    "lr_at_intro_formula": 0.0006009064556902949,
    "lr_at_t_schedule_eval": 5.000001948077038e-06,
    "lr_at_t_schedule_formula": 5e-06,
    "lr_final_eval": 5.000001948077038e-06,
    "lr_tail_mean": 1.320003705578538e-05,
    "max_steps": 36000,
    "peak_lr": 0.001,
    "post_intro_steps": 20000,
    "rewarm_lr": null,
    "rewarm_step": null,
    "schedule_kind": "warmup_cosine",
    "seed": 5,
    "steps_after_t_schedule": 0,
    "t_schedule": 36000,
    "t_schedule_eval_step": 35999
  },
  "n_eval_rows": 721,
  "run_dir": "runs/behavioral_replication_v0_9/s5/s1_longcos_late/late_gate_post_seed5",
  "t_schedule_snapshot": {
    "floor_hop1_acc": 0.1416015625,
    "floor_hop2_acc": 0.14892578125,
    "hop1_acc": 1.0,
    "hop1_loss": 6.942340917248657e-05,
    "hop2_acc": 0.2109375,
    "hop2_loss": 1.9102707728743553,
    "keyslot_mean": 0.03333335742354393,
    "keyslot_top1": 0.06784066557884216,
    "keyslot_top_head": 1.0,
    "keyslot_top_layer": 2.0,
    "lr": 5.000001948077038e-06,
    "p_dynamic": 1.0,
    "p_multi": 0.5,
    "step": 35999,
    "train_acc": 0.6171875,
    "train_loss": 0.903661847114563
  },
  "tail_metrics": {
    "floor_hop1_acc": 0.13983154296875,
    "floor_hop2_acc": 0.14246961805555555,
    "hop1_acc": 0.9999830457899306,
    "hop2_acc": 0.20606486002604166,
    "lr": 1.320003705578538e-05,
    "train_acc": 0.6062825520833334
  },
  "transitions": {
    "t_floor_hop1_acc_ge_0.95": null,
    "t_floor_hop1_acc_ge_0.99": null,
    "t_floor_hop2_acc_ge_0.50": null,
    "t_floor_hop2_acc_ge_0.8": null,
    "t_floor_hop2_acc_ge_0.95": null,
    "t_floor_hop2_acc_ge_0.99": null,
    "t_hop1_acc_ge_0.95": 1200,
    "t_hop1_acc_ge_0.99": 1250,
    "t_hop2_acc_ge_0.50": null,
    "t_hop2_acc_ge_0.8": null,
    "t_hop2_acc_ge_0.95": null,
    "t_hop2_acc_ge_0.99": null,
    "t_keyslot_top1_ge_half_max": 250
  }
}