{
  "excess_over_floor": {
    "hop1_excess_tail": 0.8619384765625,
    "hop2_excess_tail": 0.8642103407118056
  },
  "final_metrics": {
    "floor_hop1_acc": 0.1396484375,
    "floor_hop2_acc": 0.138671875,
    "hop1_acc": 1.0,
    "hop1_loss": 6.039205231900269e-05,
    "hop2_acc": 0.99951171875,
    "hop2_loss": 0.006608424109799671,
    "keyslot_mean": 0.031255707144737244,
    "keyslot_top1": 0.08142336457967758,
    "keyslot_top_head": 2.0,
    "keyslot_top_layer": 2.0,
    "lr": 0.001,
    "p_dynamic": 1.0,
    "p_multi": 0.5,
    "train_acc": 0.99609375,
    "train_loss": 0.02416221797466278
  },
  "final_step": 35999,
  "intro_snapshot": {
    "floor_hop1_acc": 0.1435546875,
    "floor_hop2_acc": 0.134765625,
    "hop1_acc": 0.999755859375,
    "hop1_loss": 0.0021076728261846256,
    "hop2_acc": 0.0,
    "hop2_loss": 23.93478775024414,
    "keyslot_mean": 0.024510899558663368,
    "keyslot_top1": 0.04283273592591286,
    "keyslot_top_head": 3.0,
    "keyslot_top_layer": 2.0,
    "lr": 0.001,
    "p_dynamic": 1.0,
    "p_multi": 0.5,
    "step": 16000,
    "train_acc": 0.5234375,
    "train_loss": 11.948149681091309
  },
  "metadata": {
    "condition": "late_gate_post_seed3",
    "extension_label": "constant_high_lr",
    "final_lr": 5e-06,
    "final_step": 35999,
    "intro_eval_step": 16000,
    "intro_step": 16000,
    "lr_at_intro_eval": 0.001,
    "lr_at_intro_formula": 0.001,
    "lr_at_t_schedule_eval": 0.001,
    "lr_at_t_schedule_formula": 0.001,
    "lr_final_eval": 0.001,
    "lr_tail_mean": 0.0010000000000000007,
    "max_steps": 36000,
    "peak_lr": 0.001,
    "post_intro_steps": 20000,
    "rewarm_lr": null,
    "rewarm_step": null,
    "schedule_kind": "warmup_constant",
    "seed": 3,
    "steps_after_t_schedule": 6000,
    "t_schedule": 30000,
    "t_schedule_eval_step": 30000
  },
  "n_eval_rows": 721,
  "run_dir": "runs/behavioral_replication_v0_9/s3/s2_constant_late/late_gate_post_seed3",
  "t_schedule_snapshot": {
    "floor_hop1_acc": 0.13330078125,
    "floor_hop2_acc": 0.140625,
    "hop1_acc": 1.0,
    "hop1_loss": 9.27517198761052e-05,
    "hop2_acc": 1.0,
    "hop2_loss": 0.0002362838611134066,
    "keyslot_mean": 0.03455733507871628,
    "keyslot_top1": 0.0839536264538765,
    "keyslot_top_head": 1.0,
    "keyslot_top_layer": 2.0,
    "lr": 0.001,
    "p_dynamic": 1.0,
    "p_multi": 0.5,
    "step": 30000,
    "train_acc": 1.0,
    "train_loss": 7.33087508706376e-05
  },
  "tail_metrics": {
    "floor_hop1_acc": 0.1377902560763889,
    "floor_hop2_acc": 0.13462320963541666,
    "hop1_acc": 0.9997287326388888,
    "hop2_acc": 0.9988335503472222,
    "lr": 0.0010000000000000007,
    "train_acc": 0.9990234375
  },
  "transitions": {
    "t_floor_hop1_acc_ge_0.95": null,
    "t_floor_hop1_acc_ge_0.99": null,
    "t_floor_hop2_acc_ge_0.50": null,
    "t_floor_hop2_acc_ge_0.8": null,
    "t_floor_hop2_acc_ge_0.95": null,
    "t_floor_hop2_acc_ge_0.99": null,
    "t_hop1_acc_ge_0.95": 2000,
    "t_hop1_acc_ge_0.99": 2050,
    "t_hop2_acc_ge_0.50": 23050,
    "t_hop2_acc_ge_0.8": 23100,
    "t_hop2_acc_ge_0.95": 23150,
    "t_hop2_acc_ge_0.99": 23350,
    "t_keyslot_top1_ge_half_max": 300
  }
}