{
  "excess_over_floor": {
    "hop1_excess_tail": 0.859569484904661,
    "hop2_excess_tail": 0.038061109639830504
  },
  "final_metrics": {
    "floor_hop1_acc": 0.1279296875,
    "floor_hop2_acc": 0.14501953125,
    "hop1_acc": 1.0,
    "hop1_loss": 0.000245569321577932,
    "hop2_acc": 0.180908203125,
    "hop2_loss": 2.018296517431736,
    "keyslot_mean": 0.03679414093494415,
    "keyslot_top1": 0.10814332962036133,
    "keyslot_top_head": 0.0,
    "keyslot_top_layer": 0.0,
    "lr": 5.707931487087708e-06,
    "p_dynamic": 1.0,
    "p_multi": 0.5,
    "train_acc": 0.63671875,
    "train_loss": 0.9617774486541748
  },
  "final_step": 29499,
  "intro_snapshot": {
    "floor_hop1_acc": 0.125,
    "floor_hop2_acc": 0.15478515625,
    "hop1_acc": 1.0,
    "hop1_loss": 4.1705631170785296e-08,
    "hop2_acc": 0.0,
    "hop2_loss": 30.337514877319336,
    "keyslot_mean": 0.03155064582824707,
    "keyslot_top1": 0.050461478531360626,
    "keyslot_top_head": 0.0,
    "keyslot_top_layer": 0.0,
    "lr": 0.0004628064124873411,
    "p_dynamic": 1.0,
    "p_multi": 0.5,
    "step": 16000,
    "train_acc": 0.5,
    "train_loss": 15.938152313232422
  },
  "metadata": {
    "condition": "late_gate_post_seed7",
    "extension_label": "cosine_pre_horizon",
    "final_lr": 5e-06,
    "final_step": 29499,
    "intro_eval_step": 16000,
    "intro_step": 16000,
    "lr_at_intro_eval": 0.0004628064124873411,
    "lr_at_intro_formula": 0.0004628064124873411,
    "lr_at_t_schedule_eval": 5.707931487087708e-06,
    "lr_at_t_schedule_formula": 5e-06,
    "lr_final_eval": 5.707931487087708e-06,
    "lr_tail_mean": 1.7687683232546238e-05,
    "max_steps": 29500,
    "peak_lr": 0.001,
    "post_intro_steps": 13500,
    "rewarm_lr": null,
    "rewarm_step": null,
    "schedule_kind": "warmup_cosine",
    "seed": 7,
    "steps_after_t_schedule": 0,
    "t_schedule": 30000,
    "t_schedule_eval_step": 29499
  },
  "n_eval_rows": 591,
  "run_dir": "runs/behavioral_replication_v0_9/s7/s1_late_original/late_gate_post_seed7",
  "t_schedule_snapshot": {
    "floor_hop1_acc": 0.1279296875,
    "floor_hop2_acc": 0.14501953125,
    "hop1_acc": 1.0,
    "hop1_loss": 0.000245569321577932,
    "hop2_acc": 0.180908203125,
    "hop2_loss": 2.018296517431736,
    "keyslot_mean": 0.03679414093494415,
    "keyslot_top1": 0.10814332962036133,
    "keyslot_top_head": 0.0,
    "keyslot_top_layer": 0.0,
    "lr": 5.707931487087708e-06,
    "p_dynamic": 1.0,
    "p_multi": 0.5,
    "step": 29499,
    "train_acc": 0.63671875,
    "train_loss": 0.9617774486541748
  },
  "tail_metrics": {
    "floor_hop1_acc": 0.14033534163135594,
    "floor_hop2_acc": 0.14329813294491525,
    "hop1_acc": 0.999904826536017,
    "hop2_acc": 0.18135924258474576,
    "lr": 1.7687683232546238e-05,
    "train_acc": 0.5991128177966102
  },
  "transitions": {
    "t_floor_hop1_acc_ge_0.95": null,
    "t_floor_hop1_acc_ge_0.99": null,
    "t_floor_hop2_acc_ge_0.50": null,
    "t_floor_hop2_acc_ge_0.8": null,
    "t_floor_hop2_acc_ge_0.95": null,
    "t_floor_hop2_acc_ge_0.99": null,
    "t_hop1_acc_ge_0.95": 4200,
    "t_hop1_acc_ge_0.99": 4250,
    "t_hop2_acc_ge_0.50": null,
    "t_hop2_acc_ge_0.8": null,
    "t_hop2_acc_ge_0.95": null,
    "t_hop2_acc_ge_0.99": null,
    "t_keyslot_top1_ge_half_max": 300
  }
}