{
  "excess_over_floor": {
    "hop1_excess_tail": 0.8592597113715278,
    "hop2_excess_tail": 0.018422444661458343
  },
  "final_metrics": {
    "floor_hop1_acc": 0.1376953125,
    "floor_hop2_acc": 0.14208984375,
    "hop1_acc": 0.99951171875,
    "hop1_loss": 0.0009177528318105033,
    "hop2_acc": 0.169677734375,
    "hop2_loss": 1.9517773985862732,
    "keyslot_mean": 0.05660521239042282,
    "keyslot_top1": 0.14114277064800262,
    "keyslot_top_head": 3.0,
    "keyslot_top_layer": 1.0,
    "lr": 0.001,
    "p_dynamic": 1.0,
    "p_multi": 0.5,
    "train_acc": 0.625,
    "train_loss": 0.9202072024345398
  },
  "final_step": 35999,
  "intro_snapshot": {
    "floor_hop1_acc": 0.13134765625,
    "floor_hop2_acc": 0.1435546875,
    "hop1_acc": 0.99951171875,
    "hop1_loss": 0.001093432773643599,
    "hop2_acc": 0.0,
    "hop2_loss": 29.993813633918762,
    "keyslot_mean": 0.06071971356868744,
    "keyslot_top1": 0.1440361887216568,
    "keyslot_top_head": 3.0,
    "keyslot_top_layer": 1.0,
    "lr": 0.001,
    "p_dynamic": 1.0,
    "p_multi": 0.5,
    "step": 16000,
    "train_acc": 0.47265625,
    "train_loss": 16.710063934326172
  },
  "metadata": {
    "condition": "late_gate_post_seed5",
    "extension_label": "constant_high_lr",
    "final_lr": 5e-06,
    "final_step": 35999,
    "intro_eval_step": 16000,
    "intro_step": 16000,
    "lr_at_intro_eval": 0.001,
    "lr_at_intro_formula": 0.001,
    "lr_at_t_schedule_eval": 0.001,
    "lr_at_t_schedule_formula": 0.001,
    "lr_final_eval": 0.001,
    "lr_tail_mean": 0.0010000000000000007,
    "max_steps": 36000,
    "peak_lr": 0.001,
    "post_intro_steps": 20000,
    "rewarm_lr": null,
    "rewarm_step": null,
    "schedule_kind": "warmup_constant",
    "seed": 5,
    "steps_after_t_schedule": 6000,
    "t_schedule": 30000,
    "t_schedule_eval_step": 30000
  },
  "n_eval_rows": 721,
  "run_dir": "runs/behavioral_replication_v0_9/s5/s2_constant_late/late_gate_post_seed5",
  "t_schedule_snapshot": {
    "floor_hop1_acc": 0.1416015625,
    "floor_hop2_acc": 0.1337890625,
    "hop1_acc": 0.999267578125,
    "hop1_loss": 0.0020208548521623015,
    "hop2_acc": 0.1650390625,
    "hop2_loss": 2.0334038734436035,
    "keyslot_mean": 0.059632398188114166,
    "keyslot_top1": 0.15339121222496033,
    "keyslot_top_head": 0.0,
    "keyslot_top_layer": 1.0,
    "lr": 0.001,
    "p_dynamic": 1.0,
    "p_multi": 0.5,
    "step": 30000,
    "train_acc": 0.59765625,
    "train_loss": 0.9839758276939392
  },
  "tail_metrics": {
    "floor_hop1_acc": 0.14024522569444445,
    "floor_hop2_acc": 0.14301893446180555,
    "hop1_acc": 0.9995049370659722,
    "hop2_acc": 0.1614413791232639,
    "lr": 0.0010000000000000007,
    "train_acc": 0.5802951388888888
  },
  "transitions": {
    "t_floor_hop1_acc_ge_0.95": null,
    "t_floor_hop1_acc_ge_0.99": null,
    "t_floor_hop2_acc_ge_0.50": null,
    "t_floor_hop2_acc_ge_0.8": null,
    "t_floor_hop2_acc_ge_0.95": null,
    "t_floor_hop2_acc_ge_0.99": null,
    "t_hop1_acc_ge_0.95": 1200,
    "t_hop1_acc_ge_0.99": 1400,
    "t_hop2_acc_ge_0.50": null,
    "t_hop2_acc_ge_0.8": null,
    "t_hop2_acc_ge_0.95": null,
    "t_hop2_acc_ge_0.99": null,
    "t_keyslot_top1_ge_half_max": 300
  }
}