{
  "excess_over_floor": {
    "hop1_excess_tail": 0.8595479329427084,
    "hop2_excess_tail": 0.8635016547309028
  },
  "final_metrics": {
    "floor_hop1_acc": 0.12939453125,
    "floor_hop2_acc": 0.14697265625,
    "hop1_acc": 1.0,
    "hop1_loss": 0.0002819112723955186,
    "hop2_acc": 0.99853515625,
    "hop2_loss": 0.021142012734344462,
    "keyslot_mean": 0.023534666746854782,
    "keyslot_top1": 0.08009037375450134,
    "keyslot_top_head": 3.0,
    "keyslot_top_layer": 3.0,
    "lr": 0.001,
    "p_dynamic": 1.0,
    "p_multi": 0.5,
    "train_acc": 0.99609375,
    "train_loss": 0.06648952513933182
  },
  "final_step": 35999,
  "intro_snapshot": {
    "floor_hop1_acc": 0.14501953125,
    "floor_hop2_acc": 0.13671875,
    "hop1_acc": 1.0,
    "hop1_loss": 8.256751796054118e-06,
    "hop2_acc": 0.0,
    "hop2_loss": 26.94442594051361,
    "keyslot_mean": 0.029744083061814308,
    "keyslot_top1": 0.04966763034462929,
    "keyslot_top_head": 3.0,
    "keyslot_top_layer": 0.0,
    "lr": 0.001,
    "p_dynamic": 1.0,
    "p_multi": 0.5,
    "step": 16000,
    "train_acc": 0.546875,
    "train_loss": 12.554368019104004
  },
  "metadata": {
    "condition": "late_gate_post_seed6",
    "extension_label": "constant_high_lr",
    "final_lr": 5e-06,
    "final_step": 35999,
    "intro_eval_step": 16000,
    "intro_step": 16000,
    "lr_at_intro_eval": 0.001,
    "lr_at_intro_formula": 0.001,
    "lr_at_t_schedule_eval": 0.001,
    "lr_at_t_schedule_formula": 0.001,
    "lr_final_eval": 0.001,
    "lr_tail_mean": 0.0010000000000000007,
    "max_steps": 36000,
    "peak_lr": 0.001,
    "post_intro_steps": 20000,
    "rewarm_lr": null,
    "rewarm_step": null,
    "schedule_kind": "warmup_constant",
    "seed": 6,
    "steps_after_t_schedule": 6000,
    "t_schedule": 30000,
    "t_schedule_eval_step": 30000
  },
  "n_eval_rows": 721,
  "run_dir": "runs/behavioral_replication_v0_9/s6/s2_constant_late/late_gate_post_seed6",
  "t_schedule_snapshot": {
    "floor_hop1_acc": 0.1396484375,
    "floor_hop2_acc": 0.1318359375,
    "hop1_acc": 0.99951171875,
    "hop1_loss": 0.0010636603146849666,
    "hop2_acc": 0.9970703125,
    "hop2_loss": 0.015014230088127078,
    "keyslot_mean": 0.022628145292401314,
    "keyslot_top1": 0.04110273718833923,
    "keyslot_top_head": 3.0,
    "keyslot_top_layer": 0.0,
    "lr": 0.001,
    "p_dynamic": 1.0,
    "p_multi": 0.5,
    "step": 30000,
    "train_acc": 1.0,
    "train_loss": 0.00042895678780041635
  },
  "tail_metrics": {
    "floor_hop1_acc": 0.1399468315972222,
    "floor_hop2_acc": 0.13395860460069445,
    "hop1_acc": 0.9994947645399306,
    "hop2_acc": 0.9974602593315972,
    "lr": 0.0010000000000000007,
    "train_acc": 0.99853515625
  },
  "transitions": {
    "t_floor_hop1_acc_ge_0.95": null,
    "t_floor_hop1_acc_ge_0.99": null,
    "t_floor_hop2_acc_ge_0.50": null,
    "t_floor_hop2_acc_ge_0.8": null,
    "t_floor_hop2_acc_ge_0.95": null,
    "t_floor_hop2_acc_ge_0.99": null,
    "t_hop1_acc_ge_0.95": 3400,
    "t_hop1_acc_ge_0.99": 3550,
    "t_hop2_acc_ge_0.50": 25750,
    "t_hop2_acc_ge_0.8": 26000,
    "t_hop2_acc_ge_0.95": 26200,
    "t_hop2_acc_ge_0.99": 27400,
    "t_keyslot_top1_ge_half_max": 250
  }
}