{
  "excess_over_floor": {
    "hop1_excess_tail": 0.860161215572034,
    "hop2_excess_tail": 0.024240267478813554
  },
  "final_metrics": {
    "floor_hop1_acc": 0.140625,
    "floor_hop2_acc": 0.14990234375,
    "hop1_acc": 1.0,
    "hop1_loss": 0.00018208057144875056,
    "hop2_acc": 0.169677734375,
    "hop2_loss": 2.4107214361429214,
    "keyslot_mean": 0.042284660041332245,
    "keyslot_top1": 0.10385183244943619,
    "keyslot_top_head": 3.0,
    "keyslot_top_layer": 0.0,
    "lr": 5.707931487087708e-06,
    "p_dynamic": 1.0,
    "p_multi": 0.5,
    "train_acc": 0.58203125,
    "train_loss": 1.1722891330718994
  },
  "final_step": 29499,
  "intro_snapshot": {
    "floor_hop1_acc": 0.1474609375,
    "floor_hop2_acc": 0.1357421875,
    "hop1_acc": 1.0,
    "hop1_loss": 1.535195915991494e-05,
    "hop2_acc": 0.0,
    "hop2_loss": 29.064861536026,
    "keyslot_mean": 0.027859855443239212,
    "keyslot_top1": 0.04726255685091019,
    "keyslot_top_head": 0.0,
    "keyslot_top_layer": 2.0,
    "lr": 0.0004628064124873411,
    "p_dynamic": 1.0,
    "p_multi": 0.5,
    "step": 16000,
    "train_acc": 0.5234375,
    "train_loss": 14.014046669006348
  },
  "metadata": {
    "condition": "late_gate_post_seed3",
    "extension_label": "cosine_pre_horizon",
    "final_lr": 5e-06,
    "final_step": 29499,
    "intro_eval_step": 16000,
    "intro_step": 16000,
    "lr_at_intro_eval": 0.0004628064124873411,
    "lr_at_intro_formula": 0.0004628064124873411,
    "lr_at_t_schedule_eval": 5.707931487087708e-06,
    "lr_at_t_schedule_formula": 5e-06,
    "lr_final_eval": 5.707931487087708e-06,
    "lr_tail_mean": 1.7687683232546238e-05,
    "max_steps": 29500,
    "peak_lr": 0.001,
    "post_intro_steps": 13500,
    "rewarm_lr": null,
    "rewarm_step": null,
    "schedule_kind": "warmup_cosine",
    "seed": 3,
    "steps_after_t_schedule": 0,
    "t_schedule": 30000,
    "t_schedule_eval_step": 29499
  },
  "n_eval_rows": 591,
  "run_dir": "runs/behavioral_replication_v0_9/s3/s1_late_original/late_gate_post_seed3",
  "t_schedule_snapshot": {
    "floor_hop1_acc": 0.140625,
    "floor_hop2_acc": 0.14990234375,
    "hop1_acc": 1.0,
    "hop1_loss": 0.00018208057144875056,
    "hop2_acc": 0.169677734375,
    "hop2_loss": 2.4107214361429214,
    "keyslot_mean": 0.042284660041332245,
    "keyslot_top1": 0.10385183244943619,
    "keyslot_top_head": 3.0,
    "keyslot_top_layer": 0.0,
    "lr": 5.707931487087708e-06,
    "p_dynamic": 1.0,
    "p_multi": 0.5,
    "step": 29499,
    "train_acc": 0.58203125,
    "train_loss": 1.1722891330718994
  },
  "tail_metrics": {
    "floor_hop1_acc": 0.13944981461864406,
    "floor_hop2_acc": 0.14272709216101695,
    "hop1_acc": 0.999611030190678,
    "hop2_acc": 0.1669673596398305,
    "lr": 1.7687683232546238e-05,
    "train_acc": 0.578853283898305
  },
  "transitions": {
    "t_floor_hop1_acc_ge_0.95": null,
    "t_floor_hop1_acc_ge_0.99": null,
    "t_floor_hop2_acc_ge_0.50": null,
    "t_floor_hop2_acc_ge_0.8": null,
    "t_floor_hop2_acc_ge_0.95": null,
    "t_floor_hop2_acc_ge_0.99": null,
    "t_hop1_acc_ge_0.95": 2000,
    "t_hop1_acc_ge_0.99": 2150,
    "t_hop2_acc_ge_0.50": null,
    "t_hop2_acc_ge_0.8": null,
    "t_hop2_acc_ge_0.95": null,
    "t_hop2_acc_ge_0.99": null,
    "t_keyslot_top1_ge_half_max": 300
  }
}