{
  "excess_over_floor": {
    "base_hop1_excess_tail": 0.8277070643538136,
    "base_hop2_excess_tail": 0.0,
    "fresh_hop1_excess_tail": 0.8604674258474576,
    "fresh_hop2_excess_tail": 0.0,
    "hop1_excess_tail": 0.8608150158898304,
    "hop2_excess_tail": 0.0
  },
  "final_metrics": {
    "base_floor_hop1_acc": 0.1240234375,
    "base_floor_hop2_acc": 0.1240234375,
    "base_hop1_acc": 0.9599609375,
    "base_hop1_loss": 0.11229975800961256,
    "base_hop2_acc": 0.0,
    "base_hop2_loss": 29.001370191574097,
    "base_keyslot_mean": 0.013302057981491089,
    "base_keyslot_top1": 0.049565404653549194,
    "base_keyslot_top_head": 3.0,
    "base_keyslot_top_layer": 2.0,
    "floor_hop1_acc": 0.15185546875,
    "floor_hop2_acc": 0.14453125,
    "fresh_floor_hop1_acc": 0.150390625,
    "fresh_floor_hop2_acc": 0.14404296875,
    "fresh_hop1_acc": 1.0,
    "fresh_hop1_loss": 3.253807867587e-08,
    "fresh_hop2_acc": 0.0,
    "fresh_hop2_loss": 20.470785975456238,
    "fresh_keyslot_mean": 0.008241012692451477,
    "fresh_keyslot_top1": 0.04788762331008911,
    "fresh_keyslot_top_head": 3.0,
    "fresh_keyslot_top_layer": 2.0,
    "hop1_acc": 1.0,
    "hop1_loss": 3.111199120553465e-08,
    "hop2_acc": 0.0,
    "hop2_loss": 20.47459077835083,
    "keyslot_mean": 0.008260028436779976,
    "keyslot_top1": 0.048069268465042114,
    "keyslot_top_head": 3.0,
    "keyslot_top_layer": 2.0,
    "lr": 5.707931487087708e-06,
    "p_dynamic": 1.0,
    "p_multi": 0.0,
    "train_acc": 1.0,
    "train_loss": 2.9802318834981634e-08
  },
  "final_step": 29499,
  "intro_snapshot": {
    "base_floor_hop1_acc": 0.126953125,
    "base_floor_hop2_acc": 0.15673828125,
    "base_hop1_acc": 1.0,
    "base_hop1_loss": 2.6586304713305253e-07,
    "base_hop2_acc": 0.0,
    "base_hop2_loss": 21.095332145690918,
    "base_keyslot_mean": 0.018133029341697693,
    "base_keyslot_top1": 0.04506691172719002,
    "base_keyslot_top_head": 2.0,
    "base_keyslot_top_layer": 2.0,
    "floor_hop1_acc": 0.0,
    "floor_hop2_acc": 0.0,
    "fresh_floor_hop1_acc": 0.0,
    "fresh_floor_hop2_acc": 0.0,
    "fresh_hop1_acc": 0.0,
    "fresh_hop1_loss": 5.958056956529617,
    "fresh_hop2_acc": 0.0,
    "fresh_hop2_loss": 5.970677882432938,
    "fresh_keyslot_mean": 0.016557995229959488,
    "fresh_keyslot_top1": 0.048807740211486816,
    "fresh_keyslot_top_head": 2.0,
    "fresh_keyslot_top_layer": 2.0,
    "hop1_acc": 0.0,
    "hop1_loss": 5.957973927259445,
    "hop2_acc": 0.0,
    "hop2_loss": 5.970757901668549,
    "keyslot_mean": 0.016550514847040176,
    "keyslot_top1": 0.04874138906598091,
    "keyslot_top_head": 2.0,
    "keyslot_top_layer": 2.0,
    "lr": 0.0004628064124873411,
    "p_dynamic": 1.0,
    "p_multi": 0.0,
    "step": 16000,
    "train_acc": 0.0,
    "train_loss": 12.329279899597168
  },
  "metadata": {
    "condition": "fresh_singlehop_late_seed3",
    "extension_label": "cosine_pre_horizon",
    "final_lr": 5e-06,
    "final_step": 29499,
    "intro_eval_step": 16000,
    "intro_step": 16000,
    "lr_at_intro_eval": 0.0004628064124873411,
    "lr_at_intro_formula": 0.0004628064124873411,
    "lr_at_t_schedule_eval": 5.707931487087708e-06,
    "lr_at_t_schedule_formula": 5e-06,
    "lr_final_eval": 5.707931487087708e-06,
    "lr_tail_mean": 1.7687683232546238e-05,
    "max_steps": 29500,
    "peak_lr": 0.001,
    "post_intro_steps": 13500,
    "rewarm_lr": null,
    "rewarm_step": null,
    "schedule_kind": "warmup_cosine",
    "seed": 3,
    "steps_after_t_schedule": 0,
    "t_schedule": 30000,
    "t_schedule_eval_step": 29499
  },
  "n_eval_rows": 591,
  "run_dir": "runs/behavioral_replication_v0_9/s3/fresh_hop1_s1/fresh_singlehop_late_seed3",
  "t_schedule_snapshot": {
    "base_floor_hop1_acc": 0.1240234375,
    "base_floor_hop2_acc": 0.1240234375,
    "base_hop1_acc": 0.9599609375,
    "base_hop1_loss": 0.11229975800961256,
    "base_hop2_acc": 0.0,
    "base_hop2_loss": 29.001370191574097,
    "base_keyslot_mean": 0.013302057981491089,
    "base_keyslot_top1": 0.049565404653549194,
    "base_keyslot_top_head": 3.0,
    "base_keyslot_top_layer": 2.0,
    "floor_hop1_acc": 0.15185546875,
    "floor_hop2_acc": 0.14453125,
    "fresh_floor_hop1_acc": 0.150390625,
    "fresh_floor_hop2_acc": 0.14404296875,
    "fresh_hop1_acc": 1.0,
    "fresh_hop1_loss": 3.253807867587e-08,
    "fresh_hop2_acc": 0.0,
    "fresh_hop2_loss": 20.470785975456238,
    "fresh_keyslot_mean": 0.008241012692451477,
    "fresh_keyslot_top1": 0.04788762331008911,
    "fresh_keyslot_top_head": 3.0,
    "fresh_keyslot_top_layer": 2.0,
    "hop1_acc": 1.0,
    "hop1_loss": 3.111199120553465e-08,
    "hop2_acc": 0.0,
    "hop2_loss": 20.47459077835083,
    "keyslot_mean": 0.008260028436779976,
    "keyslot_top1": 0.048069268465042114,
    "keyslot_top_head": 3.0,
    "keyslot_top_layer": 2.0,
    "lr": 5.707931487087708e-06,
    "p_dynamic": 1.0,
    "p_multi": 0.0,
    "step": 29499,
    "train_acc": 1.0,
    "train_loss": 2.9802318834981634e-08
  },
  "tail_metrics": {
    "base_floor_hop1_acc": 0.13109110169491525,
    "base_floor_hop2_acc": 0.1303131620762712,
    "base_hop1_acc": 0.9587981660487288,
    "base_hop2_acc": 0.0,
    "floor_hop1_acc": 0.1391849841101695,
    "floor_hop2_acc": 0.13890360169491525,
    "fresh_floor_hop1_acc": 0.13953257415254236,
    "fresh_floor_hop2_acc": 0.1400787870762712,
    "fresh_hop1_acc": 1.0,
    "fresh_hop2_acc": 0.0,
    "hop1_acc": 1.0,
    "hop2_acc": 0.0,
    "lr": 1.7687683232546238e-05,
    "train_acc": 1.0
  },
  "transitions": {
    "t_base_floor_hop1_acc_ge_0.95": null,
    "t_base_floor_hop1_acc_ge_0.99": null,
    "t_base_floor_hop2_acc_ge_0.50": null,
    "t_base_floor_hop2_acc_ge_0.8": null,
    "t_base_floor_hop2_acc_ge_0.95": null,
    "t_base_floor_hop2_acc_ge_0.99": null,
    "t_base_hop1_acc_ge_0.95": 1050,
    "t_base_hop1_acc_ge_0.99": 1050,
    "t_base_hop2_acc_ge_0.50": null,
    "t_base_hop2_acc_ge_0.8": null,
    "t_base_hop2_acc_ge_0.95": null,
    "t_base_hop2_acc_ge_0.99": null,
    "t_base_keyslot_top1_ge_half_max": 250,
    "t_floor_hop1_acc_ge_0.95": null,
    "t_floor_hop1_acc_ge_0.99": null,
    "t_floor_hop2_acc_ge_0.50": null,
    "t_floor_hop2_acc_ge_0.8": null,
    "t_floor_hop2_acc_ge_0.95": null,
    "t_floor_hop2_acc_ge_0.99": null,
    "t_fresh_floor_hop1_acc_ge_0.95": null,
    "t_fresh_floor_hop1_acc_ge_0.99": null,
    "t_fresh_floor_hop2_acc_ge_0.50": null,
    "t_fresh_floor_hop2_acc_ge_0.8": null,
    "t_fresh_floor_hop2_acc_ge_0.95": null,
    "t_fresh_floor_hop2_acc_ge_0.99": null,
    "t_fresh_hop1_acc_ge_0.95": 16250,
    "t_fresh_hop1_acc_ge_0.99": 16250,
    "t_fresh_hop2_acc_ge_0.50": null,
    "t_fresh_hop2_acc_ge_0.8": null,
    "t_fresh_hop2_acc_ge_0.95": null,
    "t_fresh_hop2_acc_ge_0.99": null,
    "t_fresh_keyslot_top1_ge_half_max": 300,
    "t_hop1_acc_ge_0.95": 1050,
    "t_hop1_acc_ge_0.99": 1050,
    "t_hop2_acc_ge_0.50": null,
    "t_hop2_acc_ge_0.8": null,
    "t_hop2_acc_ge_0.95": null,
    "t_hop2_acc_ge_0.99": null,
    "t_keyslot_top1_ge_half_max": 250
  }
}