{
  "excess_over_floor": {
    "hop1_excess_tail": 0.8591749403211806,
    "hop2_excess_tail": 0.019382052951388895
  },
  "final_metrics": {
    "floor_hop1_acc": 0.1259765625,
    "floor_hop2_acc": 0.1357421875,
    "hop1_acc": 1.0,
    "hop1_loss": 0.0006372218776959926,
    "hop2_acc": 0.166015625,
    "hop2_loss": 2.3444044291973114,
    "keyslot_mean": 0.02047204039990902,
    "keyslot_top1": 0.05653717368841171,
    "keyslot_top_head": 1.0,
    "keyslot_top_layer": 0.0,
    "lr": 5e-06,
    "p_dynamic": 1.0,
    "p_multi": 0.5,
    "train_acc": 0.54296875,
    "train_loss": 1.2770484685897827
  },
  "final_step": 35999,
  "intro_snapshot": {
    "floor_hop1_acc": 0.14599609375,
    "floor_hop2_acc": 0.14306640625,
    "hop1_acc": 1.0,
    "hop1_loss": 2.577409796700181e-07,
    "hop2_acc": 0.0,
    "hop2_loss": 29.872810125350952,
    "keyslot_mean": 0.026463665068149567,
    "keyslot_top1": 0.04357041418552399,
    "keyslot_top_head": 0.0,
    "keyslot_top_layer": 3.0,
    "lr": 0.0004628064124873411,
    "p_dynamic": 1.0,
    "p_multi": 0.5,
    "step": 16000,
    "train_acc": 0.4921875,
    "train_loss": 15.444040298461914
  },
  "metadata": {
    "condition": "late_gate_post_seed4",
    "extension_label": "cosine_final_lr_plateau_extension",
    "final_lr": 5e-06,
    "final_step": 35999,
    "intro_eval_step": 16000,
    "intro_step": 16000,
    "lr_at_intro_eval": 0.0004628064124873411,
    "lr_at_intro_formula": 0.0004628064124873411,
    "lr_at_t_schedule_eval": 5e-06,
    "lr_at_t_schedule_formula": 5e-06,
    "lr_final_eval": 5e-06,
    "lr_tail_mean": 5.000000000000009e-06,
    "max_steps": 36000,
    "peak_lr": 0.001,
    "post_intro_steps": 20000,
    "rewarm_lr": null,
    "rewarm_step": null,
    "schedule_kind": "warmup_cosine",
    "seed": 4,
    "steps_after_t_schedule": 6000,
    "t_schedule": 30000,
    "t_schedule_eval_step": 30000
  },
  "n_eval_rows": 721,
  "run_dir": "runs/behavioral_replication_v0_9/s4/s1_plateau_late/late_gate_post_seed4",
  "t_schedule_snapshot": {
    "floor_hop1_acc": 0.1494140625,
    "floor_hop2_acc": 0.13134765625,
    "hop1_acc": 1.0,
    "hop1_loss": 0.0007653466345800553,
    "hop2_acc": 0.162109375,
    "hop2_loss": 2.344560205936432,
    "keyslot_mean": 0.019927674904465675,
    "keyslot_top1": 0.05812005698680878,
    "keyslot_top_head": 0.0,
    "keyslot_top_layer": 2.0,
    "lr": 5e-06,
    "p_dynamic": 1.0,
    "p_multi": 0.5,
    "step": 30000,
    "train_acc": 0.62890625,
    "train_loss": 1.0685888528823853
  },
  "tail_metrics": {
    "floor_hop1_acc": 0.1407470703125,
    "floor_hop2_acc": 0.14317491319444445,
    "hop1_acc": 0.9999220106336806,
    "hop2_acc": 0.16255696614583334,
    "lr": 5.000000000000009e-06,
    "train_acc": 0.5750325520833334
  },
  "transitions": {
    "t_floor_hop1_acc_ge_0.95": null,
    "t_floor_hop1_acc_ge_0.99": null,
    "t_floor_hop2_acc_ge_0.50": null,
    "t_floor_hop2_acc_ge_0.8": null,
    "t_floor_hop2_acc_ge_0.95": null,
    "t_floor_hop2_acc_ge_0.99": null,
    "t_hop1_acc_ge_0.95": 2000,
    "t_hop1_acc_ge_0.99": 2050,
    "t_hop2_acc_ge_0.50": null,
    "t_hop2_acc_ge_0.8": null,
    "t_hop2_acc_ge_0.95": null,
    "t_hop2_acc_ge_0.99": null,
    "t_keyslot_top1_ge_half_max": 300
  }
}