{
  "excess_over_floor": {
    "base_hop1_excess_tail": 0.8025564420021187,
    "base_hop2_excess_tail": 0.0,
    "fresh_hop1_excess_tail": 0.8591349973516949,
    "fresh_hop2_excess_tail": 0.0,
    "hop1_excess_tail": 0.8585391287076272,
    "hop2_excess_tail": 0.0
  },
  "final_metrics": {
    "base_floor_hop1_acc": 0.1396484375,
    "base_floor_hop2_acc": 0.12841796875,
    "base_hop1_acc": 0.93359375,
    "base_hop1_loss": 0.5363102024421096,
    "base_hop2_acc": 0.00048828125,
    "base_hop2_loss": 39.228888750076294,
    "base_keyslot_mean": 0.026509761810302734,
    "base_keyslot_top1": 0.05250312387943268,
    "base_keyslot_top_head": 3.0,
    "base_keyslot_top_layer": 2.0,
    "floor_hop1_acc": 0.14697265625,
    "floor_hop2_acc": 0.1513671875,
    "fresh_floor_hop1_acc": 0.1435546875,
    "fresh_floor_hop2_acc": 0.14306640625,
    "fresh_hop1_acc": 1.0,
    "fresh_hop1_loss": 3.172317120103685e-08,
    "fresh_hop2_acc": 0.0,
    "fresh_hop2_loss": 20.58858013153076,
    "fresh_keyslot_mean": 0.033372342586517334,
    "fresh_keyslot_top1": 0.08055675774812698,
    "fresh_keyslot_top_head": 1.0,
    "fresh_keyslot_top_layer": 2.0,
    "hop1_acc": 1.0,
    "hop1_loss": 3.026798012228937e-08,
    "hop2_acc": 0.0,
    "hop2_loss": 20.599114418029785,
    "keyslot_mean": 0.03508717566728592,
    "keyslot_top1": 0.08671952039003372,
    "keyslot_top_head": 1.0,
    "keyslot_top_layer": 2.0,
    "lr": 5.707931487087708e-06,
    "p_dynamic": 1.0,
    "p_multi": 0.0,
    "train_acc": 1.0,
    "train_loss": 2.4680044674596502e-08
  },
  "final_step": 29499,
  "intro_snapshot": {
    "base_floor_hop1_acc": 0.13427734375,
    "base_floor_hop2_acc": 0.1396484375,
    "base_hop1_acc": 1.0,
    "base_hop1_loss": 6.059416524095695e-08,
    "base_hop2_acc": 0.0,
    "base_hop2_loss": 20.807008504867554,
    "base_keyslot_mean": 0.025104420259594917,
    "base_keyslot_top1": 0.04686420410871506,
    "base_keyslot_top_head": 2.0,
    "base_keyslot_top_layer": 3.0,
    "floor_hop1_acc": 0.0,
    "floor_hop2_acc": 0.0,
    "fresh_floor_hop1_acc": 0.0,
    "fresh_floor_hop2_acc": 0.0,
    "fresh_hop1_acc": 0.0,
    "fresh_hop1_loss": 7.464542478322983,
    "fresh_hop2_acc": 0.0,
    "fresh_hop2_loss": 7.574934333562851,
    "fresh_keyslot_mean": 0.03283600136637688,
    "fresh_keyslot_top1": 0.14104661345481873,
    "fresh_keyslot_top_head": 3.0,
    "fresh_keyslot_top_layer": 0.0,
    "hop1_acc": 0.0,
    "hop1_loss": 7.467933386564255,
    "hop2_acc": 0.0,
    "hop2_loss": 7.582781255245209,
    "keyslot_mean": 0.03262539952993393,
    "keyslot_top1": 0.13803404569625854,
    "keyslot_top_head": 3.0,
    "keyslot_top_layer": 0.0,
    "lr": 0.0004628064124873411,
    "p_dynamic": 1.0,
    "p_multi": 0.0,
    "step": 16000,
    "train_acc": 0.0,
    "train_loss": 8.846084594726562
  },
  "metadata": {
    "condition": "fresh_singlehop_late_seed7",
    "extension_label": "cosine_pre_horizon",
    "final_lr": 5e-06,
    "final_step": 29499,
    "intro_eval_step": 16000,
    "intro_step": 16000,
    "lr_at_intro_eval": 0.0004628064124873411,
    "lr_at_intro_formula": 0.0004628064124873411,
    "lr_at_t_schedule_eval": 5.707931487087708e-06,
    "lr_at_t_schedule_formula": 5e-06,
    "lr_final_eval": 5.707931487087708e-06,
    "lr_tail_mean": 1.7687683232546238e-05,
    "max_steps": 29500,
    "peak_lr": 0.001,
    "post_intro_steps": 13500,
    "rewarm_lr": null,
    "rewarm_step": null,
    "schedule_kind": "warmup_cosine",
    "seed": 7,
    "steps_after_t_schedule": 0,
    "t_schedule": 30000,
    "t_schedule_eval_step": 29499
  },
  "n_eval_rows": 591,
  "run_dir": "runs/behavioral_replication_v0_9/s7/fresh_hop1_s1/fresh_singlehop_late_seed7",
  "t_schedule_snapshot": {
    "base_floor_hop1_acc": 0.1396484375,
    "base_floor_hop2_acc": 0.12841796875,
    "base_hop1_acc": 0.93359375,
    "base_hop1_loss": 0.5363102024421096,
    "base_hop2_acc": 0.00048828125,
    "base_hop2_loss": 39.228888750076294,
    "base_keyslot_mean": 0.026509761810302734,
    "base_keyslot_top1": 0.05250312387943268,
    "base_keyslot_top_head": 3.0,
    "base_keyslot_top_layer": 2.0,
    "floor_hop1_acc": 0.14697265625,
    "floor_hop2_acc": 0.1513671875,
    "fresh_floor_hop1_acc": 0.1435546875,
    "fresh_floor_hop2_acc": 0.14306640625,
    "fresh_hop1_acc": 1.0,
    "fresh_hop1_loss": 3.172317120103685e-08,
    "fresh_hop2_acc": 0.0,
    "fresh_hop2_loss": 20.58858013153076,
    "fresh_keyslot_mean": 0.033372342586517334,
    "fresh_keyslot_top1": 0.08055675774812698,
    "fresh_keyslot_top_head": 1.0,
    "fresh_keyslot_top_layer": 2.0,
    "hop1_acc": 1.0,
    "hop1_loss": 3.026798012228937e-08,
    "hop2_acc": 0.0,
    "hop2_loss": 20.599114418029785,
    "keyslot_mean": 0.03508717566728592,
    "keyslot_top1": 0.08671952039003372,
    "keyslot_top_head": 1.0,
    "keyslot_top_layer": 2.0,
    "lr": 5.707931487087708e-06,
    "p_dynamic": 1.0,
    "p_multi": 0.0,
    "step": 29499,
    "train_acc": 1.0,
    "train_loss": 2.4680044674596502e-08
  },
  "tail_metrics": {
    "base_floor_hop1_acc": 0.1302304025423729,
    "base_floor_hop2_acc": 0.1291793564618644,
    "base_hop1_acc": 0.9327868445444916,
    "base_hop2_acc": 0.0004179356461864407,
    "floor_hop1_acc": 0.1414608712923729,
    "floor_hop2_acc": 0.13878773834745764,
    "fresh_floor_hop1_acc": 0.1408650026483051,
    "fresh_floor_hop2_acc": 0.1398718882415254,
    "fresh_hop1_acc": 1.0,
    "fresh_hop2_acc": 0.0,
    "hop1_acc": 1.0,
    "hop2_acc": 0.0,
    "lr": 1.7687683232546238e-05,
    "train_acc": 1.0
  },
  "transitions": {
    "t_base_floor_hop1_acc_ge_0.95": null,
    "t_base_floor_hop1_acc_ge_0.99": null,
    "t_base_floor_hop2_acc_ge_0.50": null,
    "t_base_floor_hop2_acc_ge_0.8": null,
    "t_base_floor_hop2_acc_ge_0.95": null,
    "t_base_floor_hop2_acc_ge_0.99": null,
    "t_base_hop1_acc_ge_0.95": 1000,
    "t_base_hop1_acc_ge_0.99": 1050,
    "t_base_hop2_acc_ge_0.50": null,
    "t_base_hop2_acc_ge_0.8": null,
    "t_base_hop2_acc_ge_0.95": null,
    "t_base_hop2_acc_ge_0.99": null,
    "t_base_keyslot_top1_ge_half_max": 300,
    "t_floor_hop1_acc_ge_0.95": null,
    "t_floor_hop1_acc_ge_0.99": null,
    "t_floor_hop2_acc_ge_0.50": null,
    "t_floor_hop2_acc_ge_0.8": null,
    "t_floor_hop2_acc_ge_0.95": null,
    "t_floor_hop2_acc_ge_0.99": null,
    "t_fresh_floor_hop1_acc_ge_0.95": null,
    "t_fresh_floor_hop1_acc_ge_0.99": null,
    "t_fresh_floor_hop2_acc_ge_0.50": null,
    "t_fresh_floor_hop2_acc_ge_0.8": null,
    "t_fresh_floor_hop2_acc_ge_0.95": null,
    "t_fresh_floor_hop2_acc_ge_0.99": null,
    "t_fresh_hop1_acc_ge_0.95": 16300,
    "t_fresh_hop1_acc_ge_0.99": 16300,
    "t_fresh_hop2_acc_ge_0.50": null,
    "t_fresh_hop2_acc_ge_0.8": null,
    "t_fresh_hop2_acc_ge_0.95": null,
    "t_fresh_hop2_acc_ge_0.99": null,
    "t_fresh_keyslot_top1_ge_half_max": 300,
    "t_hop1_acc_ge_0.95": 1000,
    "t_hop1_acc_ge_0.99": 1050,
    "t_hop2_acc_ge_0.50": null,
    "t_hop2_acc_ge_0.8": null,
    "t_hop2_acc_ge_0.95": null,
    "t_hop2_acc_ge_0.99": null,
    "t_keyslot_top1_ge_half_max": 300
  }
}