{
  "excess_over_floor": {
    "hop1_excess_tail": 0.8598802354600694,
    "hop2_excess_tail": 0.8628607855902777
  },
  "final_metrics": {
    "floor_hop1_acc": 0.1298828125,
    "floor_hop2_acc": 0.150390625,
    "hop1_acc": 1.0,
    "hop1_loss": 0.00032855067865966703,
    "hop2_acc": 0.999267578125,
    "hop2_loss": 0.0045047087314742384,
    "keyslot_mean": 0.031938325613737106,
    "keyslot_top1": 0.08365225791931152,
    "keyslot_top_head": 1.0,
    "keyslot_top_layer": 3.0,
    "lr": 0.001,
    "p_dynamic": 1.0,
    "p_multi": 0.5,
    "train_acc": 1.0,
    "train_loss": 0.00017511428450234234
  },
  "final_step": 35999,
  "intro_snapshot": {
    "floor_hop1_acc": 0.142578125,
    "floor_hop2_acc": 0.14453125,
    "hop1_acc": 1.0,
    "hop1_loss": 1.2386371224692994e-05,
    "hop2_acc": 0.0,
    "hop2_loss": 26.974161028862,
    "keyslot_mean": 0.027843765914440155,
    "keyslot_top1": 0.05156780034303665,
    "keyslot_top_head": 3.0,
    "keyslot_top_layer": 0.0,
    "lr": 0.001,
    "p_dynamic": 1.0,
    "p_multi": 0.5,
    "step": 16000,
    "train_acc": 0.546875,
    "train_loss": 13.314022064208984
  },
  "metadata": {
    "condition": "late_gate_post_seed6",
    "extension_label": "cosine_history_then_high_lr_rewarm",
    "final_lr": 5e-06,
    "final_step": 35999,
    "intro_eval_step": 16000,
    "intro_step": 16000,
    "lr_at_intro_eval": 0.001,
    "lr_at_intro_formula": 0.001,
    "lr_at_t_schedule_eval": 0.001,
    "lr_at_t_schedule_formula": 0.001,
    "lr_final_eval": 0.001,
    "lr_tail_mean": 0.0010000000000000007,
    "max_steps": 36000,
    "peak_lr": 0.001,
    "post_intro_steps": 20000,
    "rewarm_lr": 0.001,
    "rewarm_step": 16000,
    "schedule_kind": "warmup_cosine_then_rewarm_constant_reset_optim",
    "seed": 6,
    "steps_after_t_schedule": 6000,
    "t_schedule": 30000,
    "t_schedule_eval_step": 30000
  },
  "n_eval_rows": 721,
  "run_dir": "runs/behavioral_replication_v0_9/s6/rewarm_reset_late/late_gate_post_seed6",
  "t_schedule_snapshot": {
    "floor_hop1_acc": 0.1376953125,
    "floor_hop2_acc": 0.13525390625,
    "hop1_acc": 1.0,
    "hop1_loss": 0.0001543113837101373,
    "hop2_acc": 0.999267578125,
    "hop2_loss": 0.0031900576541374903,
    "keyslot_mean": 0.03792642056941986,
    "keyslot_top1": 0.10667987167835236,
    "keyslot_top_head": 2.0,
    "keyslot_top_layer": 3.0,
    "lr": 0.001,
    "p_dynamic": 1.0,
    "p_multi": 0.5,
    "step": 30000,
    "train_acc": 1.0,
    "train_loss": 0.00025515235029160976
  },
  "tail_metrics": {
    "floor_hop1_acc": 0.1396552191840278,
    "floor_hop2_acc": 0.1357693142361111,
    "hop1_acc": 0.9995354546440972,
    "hop2_acc": 0.9986300998263888,
    "lr": 0.0010000000000000007,
    "train_acc": 0.9986436631944444
  },
  "transitions": {
    "t_floor_hop1_acc_ge_0.95": null,
    "t_floor_hop1_acc_ge_0.99": null,
    "t_floor_hop2_acc_ge_0.50": null,
    "t_floor_hop2_acc_ge_0.8": null,
    "t_floor_hop2_acc_ge_0.95": null,
    "t_floor_hop2_acc_ge_0.99": null,
    "t_hop1_acc_ge_0.95": 3350,
    "t_hop1_acc_ge_0.99": 3700,
    "t_hop2_acc_ge_0.50": 25300,
    "t_hop2_acc_ge_0.8": 25350,
    "t_hop2_acc_ge_0.95": 25450,
    "t_hop2_acc_ge_0.99": 25850,
    "t_keyslot_top1_ge_half_max": 250
  }
}