{
  "excess_over_floor": {
    "base_hop1_excess_tail": 0.3528576867055085,
    "base_hop2_excess_tail": 0.0,
    "fresh_hop1_excess_tail": 0.8604177701271186,
    "fresh_hop2_excess_tail": 0.0,
    "hop1_excess_tail": 0.8595156912076272,
    "hop2_excess_tail": 0.0
  },
  "final_metrics": {
    "base_floor_hop1_acc": 0.05322265625,
    "base_floor_hop2_acc": 0.0478515625,
    "base_hop1_acc": 0.41015625,
    "base_hop1_loss": 8.105763524770737,
    "base_hop2_acc": 0.005859375,
    "base_hop2_loss": 41.31242275238037,
    "base_keyslot_mean": 0.03482929244637489,
    "base_keyslot_top1": 0.06003621220588684,
    "base_keyslot_top_head": 1.0,
    "base_keyslot_top_layer": 1.0,
    "floor_hop1_acc": 0.13232421875,
    "floor_hop2_acc": 0.1552734375,
    "fresh_floor_hop1_acc": 0.1328125,
    "fresh_floor_hop2_acc": 0.14501953125,
    "fresh_hop1_acc": 1.0,
    "fresh_hop1_loss": 2.9365761378130628e-08,
    "fresh_hop2_acc": 0.0,
    "fresh_hop2_loss": 20.282908082008362,
    "fresh_keyslot_mean": 0.027250906452536583,
    "fresh_keyslot_top1": 0.0697118267416954,
    "fresh_keyslot_top_head": 1.0,
    "fresh_keyslot_top_layer": 1.0,
    "hop1_acc": 1.0,
    "hop1_loss": 2.849264657545092e-08,
    "hop2_acc": 0.0,
    "hop2_loss": 20.30756163597107,
    "keyslot_mean": 0.027380816638469696,
    "keyslot_top1": 0.07322800159454346,
    "keyslot_top_head": 1.0,
    "keyslot_top_layer": 1.0,
    "lr": 5.707931487087708e-06,
    "p_dynamic": 1.0,
    "p_multi": 0.0,
    "train_acc": 1.0,
    "train_loss": 3.306194784613581e-08
  },
  "final_step": 29499,
  "intro_snapshot": {
    "base_floor_hop1_acc": 0.13720703125,
    "base_floor_hop2_acc": 0.1455078125,
    "base_hop1_acc": 1.0,
    "base_hop1_loss": 9.196809003242379e-08,
    "base_hop2_acc": 0.0,
    "base_hop2_loss": 20.974854946136475,
    "base_keyslot_mean": 0.038010843098163605,
    "base_keyslot_top1": 0.07456129789352417,
    "base_keyslot_top_head": 1.0,
    "base_keyslot_top_layer": 1.0,
    "floor_hop1_acc": 0.0,
    "floor_hop2_acc": 0.0,
    "fresh_floor_hop1_acc": 0.0,
    "fresh_floor_hop2_acc": 0.0,
    "fresh_hop1_acc": 0.0,
    "fresh_hop1_loss": 6.719943642616272,
    "fresh_hop2_acc": 0.0,
    "fresh_hop2_loss": 6.702305942773819,
    "fresh_keyslot_mean": 0.025719862431287766,
    "fresh_keyslot_top1": 0.06051028147339821,
    "fresh_keyslot_top_head": 3.0,
    "fresh_keyslot_top_layer": 2.0,
    "hop1_acc": 0.0,
    "hop1_loss": 6.73261222243309,
    "hop2_acc": 0.0,
    "hop2_loss": 6.7148145735263824,
    "keyslot_mean": 0.02603001520037651,
    "keyslot_top1": 0.060284242033958435,
    "keyslot_top_head": 3.0,
    "keyslot_top_layer": 2.0,
    "lr": 0.0004628064124873411,
    "p_dynamic": 1.0,
    "p_multi": 0.0,
    "step": 16000,
    "train_acc": 0.0,
    "train_loss": 7.713778495788574
  },
  "metadata": {
    "condition": "fresh_singlehop_late_seed5",
    "extension_label": "cosine_pre_horizon",
    "final_lr": 5e-06,
    "final_step": 29499,
    "intro_eval_step": 16000,
    "intro_step": 16000,
    "lr_at_intro_eval": 0.0004628064124873411,
    "lr_at_intro_formula": 0.0004628064124873411,
    "lr_at_t_schedule_eval": 5.707931487087708e-06,
    "lr_at_t_schedule_formula": 5e-06,
    "lr_final_eval": 5.707931487087708e-06,
    "lr_tail_mean": 1.7687683232546238e-05,
    "max_steps": 29500,
    "peak_lr": 0.001,
    "post_intro_steps": 13500,
    "rewarm_lr": null,
    "rewarm_step": null,
    "schedule_kind": "warmup_cosine",
    "seed": 5,
    "steps_after_t_schedule": 0,
    "t_schedule": 30000,
    "t_schedule_eval_step": 29499
  },
  "n_eval_rows": 591,
  "run_dir": "runs/behavioral_replication_v0_9/s5/fresh_hop1_s1/fresh_singlehop_late_seed5",
  "t_schedule_snapshot": {
    "base_floor_hop1_acc": 0.05322265625,
    "base_floor_hop2_acc": 0.0478515625,
    "base_hop1_acc": 0.41015625,
    "base_hop1_loss": 8.105763524770737,
    "base_hop2_acc": 0.005859375,
    "base_hop2_loss": 41.31242275238037,
    "base_keyslot_mean": 0.03482929244637489,
    "base_keyslot_top1": 0.06003621220588684,
    "base_keyslot_top_head": 1.0,
    "base_keyslot_top_layer": 1.0,
    "floor_hop1_acc": 0.13232421875,
    "floor_hop2_acc": 0.1552734375,
    "fresh_floor_hop1_acc": 0.1328125,
    "fresh_floor_hop2_acc": 0.14501953125,
    "fresh_hop1_acc": 1.0,
    "fresh_hop1_loss": 2.9365761378130628e-08,
    "fresh_hop2_acc": 0.0,
    "fresh_hop2_loss": 20.282908082008362,
    "fresh_keyslot_mean": 0.027250906452536583,
    "fresh_keyslot_top1": 0.0697118267416954,
    "fresh_keyslot_top_head": 1.0,
    "fresh_keyslot_top_layer": 1.0,
    "hop1_acc": 1.0,
    "hop1_loss": 2.849264657545092e-08,
    "hop2_acc": 0.0,
    "hop2_loss": 20.30756163597107,
    "keyslot_mean": 0.027380816638469696,
    "keyslot_top1": 0.07322800159454346,
    "keyslot_top_head": 1.0,
    "keyslot_top_layer": 1.0,
    "lr": 5.707931487087708e-06,
    "p_dynamic": 1.0,
    "p_multi": 0.0,
    "step": 29499,
    "train_acc": 1.0,
    "train_loss": 3.306194784613581e-08
  },
  "tail_metrics": {
    "base_floor_hop1_acc": 0.058626853813559324,
    "base_floor_hop2_acc": 0.057476496292372885,
    "base_hop1_acc": 0.4114845405190678,
    "base_hop2_acc": 0.004017975370762712,
    "floor_hop1_acc": 0.1404843087923729,
    "floor_hop2_acc": 0.14141949152542374,
    "fresh_floor_hop1_acc": 0.13958222987288135,
    "fresh_floor_hop2_acc": 0.1397808527542373,
    "fresh_hop1_acc": 1.0,
    "fresh_hop2_acc": 0.0,
    "hop1_acc": 1.0,
    "hop2_acc": 0.0,
    "lr": 1.7687683232546238e-05,
    "train_acc": 1.0
  },
  "transitions": {
    "t_base_floor_hop1_acc_ge_0.95": null,
    "t_base_floor_hop1_acc_ge_0.99": null,
    "t_base_floor_hop2_acc_ge_0.50": null,
    "t_base_floor_hop2_acc_ge_0.8": null,
    "t_base_floor_hop2_acc_ge_0.95": null,
    "t_base_floor_hop2_acc_ge_0.99": null,
    "t_base_hop1_acc_ge_0.95": 950,
    "t_base_hop1_acc_ge_0.99": 950,
    "t_base_hop2_acc_ge_0.50": null,
    "t_base_hop2_acc_ge_0.8": null,
    "t_base_hop2_acc_ge_0.95": null,
    "t_base_hop2_acc_ge_0.99": null,
    "t_base_keyslot_top1_ge_half_max": 300,
    "t_floor_hop1_acc_ge_0.95": null,
    "t_floor_hop1_acc_ge_0.99": null,
    "t_floor_hop2_acc_ge_0.50": null,
    "t_floor_hop2_acc_ge_0.8": null,
    "t_floor_hop2_acc_ge_0.95": null,
    "t_floor_hop2_acc_ge_0.99": null,
    "t_fresh_floor_hop1_acc_ge_0.95": null,
    "t_fresh_floor_hop1_acc_ge_0.99": null,
    "t_fresh_floor_hop2_acc_ge_0.50": null,
    "t_fresh_floor_hop2_acc_ge_0.8": null,
    "t_fresh_floor_hop2_acc_ge_0.95": null,
    "t_fresh_floor_hop2_acc_ge_0.99": null,
    "t_fresh_hop1_acc_ge_0.95": 16250,
    "t_fresh_hop1_acc_ge_0.99": 16250,
    "t_fresh_hop2_acc_ge_0.50": null,
    "t_fresh_hop2_acc_ge_0.8": null,
    "t_fresh_hop2_acc_ge_0.95": null,
    "t_fresh_hop2_acc_ge_0.99": null,
    "t_fresh_keyslot_top1_ge_half_max": 300,
    "t_hop1_acc_ge_0.95": 950,
    "t_hop1_acc_ge_0.99": 950,
    "t_hop2_acc_ge_0.50": null,
    "t_hop2_acc_ge_0.8": null,
    "t_hop2_acc_ge_0.95": null,
    "t_hop2_acc_ge_0.99": null,
    "t_keyslot_top1_ge_half_max": 300
  }
}