{
  "excess_over_floor": {
    "hop1_excess_tail": 0.8594767252604166,
    "hop2_excess_tail": 0.8647528754340278
  },
  "final_metrics": {
    "floor_hop1_acc": 0.1455078125,
    "floor_hop2_acc": 0.1337890625,
    "hop1_acc": 0.999755859375,
    "hop1_loss": 0.00032513255371213745,
    "hop2_acc": 0.998779296875,
    "hop2_loss": 0.008244749276968832,
    "keyslot_mean": 0.0278682429343462,
    "keyslot_top1": 0.05853133648633957,
    "keyslot_top_head": 2.0,
    "keyslot_top_layer": 3.0,
    "lr": 0.001,
    "p_dynamic": 1.0,
    "p_multi": 0.5,
    "train_acc": 1.0,
    "train_loss": 4.27638333349023e-05
  },
  "final_step": 35999,
  "intro_snapshot": {
    "floor_hop1_acc": 0.130859375,
    "floor_hop2_acc": 0.150390625,
    "hop1_acc": 0.99951171875,
    "hop1_loss": 0.0008693434983797488,
    "hop2_acc": 0.0,
    "hop2_loss": 26.757371306419373,
    "keyslot_mean": 0.029057135805487633,
    "keyslot_top1": 0.04655347391963005,
    "keyslot_top_head": 1.0,
    "keyslot_top_layer": 3.0,
    "lr": 0.001,
    "p_dynamic": 1.0,
    "p_multi": 0.5,
    "step": 16000,
    "train_acc": 0.5,
    "train_loss": 13.863809585571289
  },
  "metadata": {
    "condition": "late_gate_post_seed7",
    "extension_label": "constant_high_lr",
    "final_lr": 5e-06,
    "final_step": 35999,
    "intro_eval_step": 16000,
    "intro_step": 16000,
    "lr_at_intro_eval": 0.001,
    "lr_at_intro_formula": 0.001,
    "lr_at_t_schedule_eval": 0.001,
    "lr_at_t_schedule_formula": 0.001,
    "lr_final_eval": 0.001,
    "lr_tail_mean": 0.0010000000000000007,
    "max_steps": 36000,
    "peak_lr": 0.001,
    "post_intro_steps": 20000,
    "rewarm_lr": null,
    "rewarm_step": null,
    "schedule_kind": "warmup_constant",
    "seed": 7,
    "steps_after_t_schedule": 6000,
    "t_schedule": 30000,
    "t_schedule_eval_step": 30000
  },
  "n_eval_rows": 721,
  "run_dir": "runs/behavioral_replication_v0_9/s7/s2_constant_late/late_gate_post_seed7",
  "t_schedule_snapshot": {
    "floor_hop1_acc": 0.1259765625,
    "floor_hop2_acc": 0.130859375,
    "hop1_acc": 0.999755859375,
    "hop1_loss": 0.00031988623675260897,
    "hop2_acc": 0.999755859375,
    "hop2_loss": 0.0013201660285631078,
    "keyslot_mean": 0.02540939301252365,
    "keyslot_top1": 0.06040778383612633,
    "keyslot_top_head": 2.0,
    "keyslot_top_layer": 3.0,
    "lr": 0.001,
    "p_dynamic": 1.0,
    "p_multi": 0.5,
    "step": 30000,
    "train_acc": 1.0,
    "train_loss": 0.00015537520812358707
  },
  "tail_metrics": {
    "floor_hop1_acc": 0.14033338758680555,
    "floor_hop2_acc": 0.13448079427083334,
    "hop1_acc": 0.9998101128472222,
    "hop2_acc": 0.9992336697048612,
    "lr": 0.0010000000000000007,
    "train_acc": 0.9996744791666666
  },
  "transitions": {
    "t_floor_hop1_acc_ge_0.95": null,
    "t_floor_hop1_acc_ge_0.99": null,
    "t_floor_hop2_acc_ge_0.50": null,
    "t_floor_hop2_acc_ge_0.8": null,
    "t_floor_hop2_acc_ge_0.95": null,
    "t_floor_hop2_acc_ge_0.99": null,
    "t_hop1_acc_ge_0.95": 4350,
    "t_hop1_acc_ge_0.99": 4400,
    "t_hop2_acc_ge_0.50": 22950,
    "t_hop2_acc_ge_0.8": 23000,
    "t_hop2_acc_ge_0.95": 23050,
    "t_hop2_acc_ge_0.99": 23350,
    "t_keyslot_top1_ge_half_max": 300
  }
}