{
  "excess_over_floor": {
    "hop1_excess_tail": 0.8579970537605932,
    "hop2_excess_tail": 0.02124851032838984
  },
  "final_metrics": {
    "floor_hop1_acc": 0.14208984375,
    "floor_hop2_acc": 0.13134765625,
    "hop1_acc": 0.999755859375,
    "hop1_loss": 0.0014998458664194914,
    "hop2_acc": 0.171630859375,
    "hop2_loss": 2.338457629084587,
    "keyslot_mean": 0.02004925347864628,
    "keyslot_top1": 0.05774719640612602,
    "keyslot_top_head": 0.0,
    "keyslot_top_layer": 2.0,
    "lr": 5.707931487087708e-06,
    "p_dynamic": 1.0,
    "p_multi": 0.5,
    "train_acc": 0.609375,
    "train_loss": 1.0865697860717773
  },
  "final_step": 29499,
  "intro_snapshot": {
    "floor_hop1_acc": 0.14599609375,
    "floor_hop2_acc": 0.14306640625,
    "hop1_acc": 1.0,
    "hop1_loss": 2.577409796700181e-07,
    "hop2_acc": 0.0,
    "hop2_loss": 29.872810125350952,
    "keyslot_mean": 0.026463665068149567,
    "keyslot_top1": 0.04357041418552399,
    "keyslot_top_head": 0.0,
    "keyslot_top_layer": 3.0,
    "lr": 0.0004628064124873411,
    "p_dynamic": 1.0,
    "p_multi": 0.5,
    "step": 16000,
    "train_acc": 0.4921875,
    "train_loss": 15.444040298461914
  },
  "metadata": {
    "condition": "late_gate_post_seed4",
    "extension_label": "cosine_pre_horizon",
    "final_lr": 5e-06,
    "final_step": 29499,
    "intro_eval_step": 16000,
    "intro_step": 16000,
    "lr_at_intro_eval": 0.0004628064124873411,
    "lr_at_intro_formula": 0.0004628064124873411,
    "lr_at_t_schedule_eval": 5.707931487087708e-06,
    "lr_at_t_schedule_formula": 5e-06,
    "lr_final_eval": 5.707931487087708e-06,
    "lr_tail_mean": 1.7687683232546238e-05,
    "max_steps": 29500,
    "peak_lr": 0.001,
    "post_intro_steps": 13500,
    "rewarm_lr": null,
    "rewarm_step": null,
    "schedule_kind": "warmup_cosine",
    "seed": 4,
    "steps_after_t_schedule": 0,
    "t_schedule": 30000,
    "t_schedule_eval_step": 29499
  },
  "n_eval_rows": 591,
  "run_dir": "runs/behavioral_replication_v0_9/s4/s1_late_original/late_gate_post_seed4",
  "t_schedule_snapshot": {
    "floor_hop1_acc": 0.14208984375,
    "floor_hop2_acc": 0.13134765625,
    "hop1_acc": 0.999755859375,
    "hop1_loss": 0.0014998458664194914,
    "hop2_acc": 0.171630859375,
    "hop2_loss": 2.338457629084587,
    "keyslot_mean": 0.02004925347864628,
    "keyslot_top1": 0.05774719640612602,
    "keyslot_top_head": 0.0,
    "keyslot_top_layer": 2.0,
    "lr": 5.707931487087708e-06,
    "p_dynamic": 1.0,
    "p_multi": 0.5,
    "step": 29499,
    "train_acc": 0.609375,
    "train_loss": 1.0865697860717773
  },
  "tail_metrics": {
    "floor_hop1_acc": 0.1419326006355932,
    "floor_hop2_acc": 0.14102224576271186,
    "hop1_acc": 0.9999296543961864,
    "hop2_acc": 0.1622707560911017,
    "lr": 1.7687683232546238e-05,
    "train_acc": 0.5814353813559322
  },
  "transitions": {
    "t_floor_hop1_acc_ge_0.95": null,
    "t_floor_hop1_acc_ge_0.99": null,
    "t_floor_hop2_acc_ge_0.50": null,
    "t_floor_hop2_acc_ge_0.8": null,
    "t_floor_hop2_acc_ge_0.95": null,
    "t_floor_hop2_acc_ge_0.99": null,
    "t_hop1_acc_ge_0.95": 2000,
    "t_hop1_acc_ge_0.99": 2050,
    "t_hop2_acc_ge_0.50": null,
    "t_hop2_acc_ge_0.8": null,
    "t_hop2_acc_ge_0.95": null,
    "t_hop2_acc_ge_0.99": null,
    "t_keyslot_top1_ge_half_max": 300
  }
}