{
  "excess_over_floor": {
    "hop1_excess_tail": 0.8592258029513888,
    "hop2_excess_tail": 0.8630405002170138
  },
  "final_metrics": {
    "floor_hop1_acc": 0.13525390625,
    "floor_hop2_acc": 0.13037109375,
    "hop1_acc": 0.9990234375,
    "hop1_loss": 0.0021952255945052457,
    "hop2_acc": 0.999267578125,
    "hop2_loss": 0.0029835324039595434,
    "keyslot_mean": 0.0305829755961895,
    "keyslot_top1": 0.05445963516831398,
    "keyslot_top_head": 1.0,
    "keyslot_top_layer": 2.0,
    "lr": 0.001,
    "p_dynamic": 1.0,
    "p_multi": 0.5,
    "train_acc": 0.99609375,
    "train_loss": 0.020952532067894936
  },
  "final_step": 35999,
  "intro_snapshot": {
    "floor_hop1_acc": 0.125,
    "floor_hop2_acc": 0.15478515625,
    "hop1_acc": 1.0,
    "hop1_loss": 9.368409514820542e-08,
    "hop2_acc": 0.0,
    "hop2_loss": 29.882930159568787,
    "keyslot_mean": 0.03150613233447075,
    "keyslot_top1": 0.05066002532839775,
    "keyslot_top_head": 0.0,
    "keyslot_top_layer": 0.0,
    "lr": 0.001,
    "p_dynamic": 1.0,
    "p_multi": 0.5,
    "step": 16000,
    "train_acc": 0.5,
    "train_loss": 15.938152313232422
  },
  "metadata": {
    "condition": "late_gate_post_seed7",
    "extension_label": "cosine_history_then_high_lr_rewarm",
    "final_lr": 5e-06,
    "final_step": 35999,
    "intro_eval_step": 16000,
    "intro_step": 16000,
    "lr_at_intro_eval": 0.001,
    "lr_at_intro_formula": 0.001,
    "lr_at_t_schedule_eval": 0.001,
    "lr_at_t_schedule_formula": 0.001,
    "lr_final_eval": 0.001,
    "lr_tail_mean": 0.0010000000000000007,
    "max_steps": 36000,
    "peak_lr": 0.001,
    "post_intro_steps": 20000,
    "rewarm_lr": 0.001,
    "rewarm_step": 16000,
    "schedule_kind": "warmup_cosine_then_rewarm_constant",
    "seed": 7,
    "steps_after_t_schedule": 6000,
    "t_schedule": 30000,
    "t_schedule_eval_step": 30000
  },
  "n_eval_rows": 721,
  "run_dir": "runs/behavioral_replication_v0_9/s7/rewarm_late/late_gate_post_seed7",
  "t_schedule_snapshot": {
    "floor_hop1_acc": 0.12353515625,
    "floor_hop2_acc": 0.13232421875,
    "hop1_acc": 0.999755859375,
    "hop1_loss": 0.0008011515916450662,
    "hop2_acc": 0.999755859375,
    "hop2_loss": 0.0012974877499800641,
    "keyslot_mean": 0.029227575287222862,
    "keyslot_top1": 0.0525590144097805,
    "keyslot_top_head": 1.0,
    "keyslot_top_layer": 2.0,
    "lr": 0.001,
    "p_dynamic": 1.0,
    "p_multi": 0.5,
    "step": 30000,
    "train_acc": 1.0,
    "train_loss": 0.00018777442164719105
  },
  "tail_metrics": {
    "floor_hop1_acc": 0.1404690212673611,
    "floor_hop2_acc": 0.1361423068576389,
    "hop1_acc": 0.99969482421875,
    "hop2_acc": 0.9991828070746528,
    "lr": 0.0010000000000000007,
    "train_acc": 0.9989149305555556
  },
  "transitions": {
    "t_floor_hop1_acc_ge_0.95": null,
    "t_floor_hop1_acc_ge_0.99": null,
    "t_floor_hop2_acc_ge_0.50": null,
    "t_floor_hop2_acc_ge_0.8": null,
    "t_floor_hop2_acc_ge_0.95": null,
    "t_floor_hop2_acc_ge_0.99": null,
    "t_hop1_acc_ge_0.95": 4200,
    "t_hop1_acc_ge_0.99": 4250,
    "t_hop2_acc_ge_0.50": 23350,
    "t_hop2_acc_ge_0.8": 23400,
    "t_hop2_acc_ge_0.95": 23500,
    "t_hop2_acc_ge_0.99": 23700,
    "t_keyslot_top1_ge_half_max": 300
  }
}