{
  "excess_over_floor": {
    "base_hop1_excess_tail": 0.8353043895656779,
    "base_hop2_excess_tail": 0.0,
    "fresh_hop1_excess_tail": 0.860790188029661,
    "fresh_hop2_excess_tail": 0.0,
    "hop1_excess_tail": 0.8567101430084746,
    "hop2_excess_tail": 0.0
  },
  "final_metrics": {
    "base_floor_hop1_acc": 0.134765625,
    "base_floor_hop2_acc": 0.134765625,
    "base_hop1_acc": 0.968017578125,
    "base_hop1_loss": 0.07794473983813077,
    "base_hop2_acc": 0.0,
    "base_hop2_loss": 37.181591749191284,
    "base_keyslot_mean": 0.0173338633030653,
    "base_keyslot_top1": 0.05253104120492935,
    "base_keyslot_top_head": 1.0,
    "base_keyslot_top_layer": 2.0,
    "floor_hop1_acc": 0.15478515625,
    "floor_hop2_acc": 0.13818359375,
    "fresh_floor_hop1_acc": 0.13818359375,
    "fresh_floor_hop2_acc": 0.14501953125,
    "fresh_hop1_acc": 1.0,
    "fresh_hop1_loss": 4.2055029236820474e-08,
    "fresh_hop2_acc": 0.0,
    "fresh_hop2_loss": 21.8417387008667,
    "fresh_keyslot_mean": 0.013321388512849808,
    "fresh_keyslot_top1": 0.05074279010295868,
    "fresh_keyslot_top_head": 1.0,
    "fresh_keyslot_top_layer": 2.0,
    "hop1_acc": 1.0,
    "hop1_loss": 4.077446069672419e-08,
    "hop2_acc": 0.0,
    "hop2_loss": 21.870998859405518,
    "keyslot_mean": 0.01333034411072731,
    "keyslot_top1": 0.051096465438604355,
    "keyslot_top_head": 1.0,
    "keyslot_top_layer": 2.0,
    "lr": 5.707931487087708e-06,
    "p_dynamic": 1.0,
    "p_multi": 0.0,
    "train_acc": 1.0,
    "train_loss": 3.818421845380726e-08
  },
  "final_step": 29499,
  "intro_snapshot": {
    "base_floor_hop1_acc": 0.1474609375,
    "base_floor_hop2_acc": 0.12890625,
    "base_hop1_acc": 1.0,
    "base_hop1_loss": 2.367304912098689e-07,
    "base_hop2_acc": 0.0,
    "base_hop2_loss": 21.639583110809326,
    "base_keyslot_mean": 0.02711186371743679,
    "base_keyslot_top1": 0.05208082124590874,
    "base_keyslot_top_head": 2.0,
    "base_keyslot_top_layer": 3.0,
    "floor_hop1_acc": 0.0,
    "floor_hop2_acc": 0.0,
    "fresh_floor_hop1_acc": 0.0,
    "fresh_floor_hop2_acc": 0.0,
    "fresh_hop1_acc": 0.0,
    "fresh_hop1_loss": 6.162922650575638,
    "fresh_hop2_acc": 0.0,
    "fresh_hop2_loss": 6.160546272993088,
    "fresh_keyslot_mean": 0.036371007561683655,
    "fresh_keyslot_top1": 0.10586182028055191,
    "fresh_keyslot_top_head": 2.0,
    "fresh_keyslot_top_layer": 0.0,
    "hop1_acc": 0.0,
    "hop1_loss": 6.164233684539795,
    "hop2_acc": 0.0,
    "hop2_loss": 6.157178580760956,
    "keyslot_mean": 0.03611037880182266,
    "keyslot_top1": 0.10447154194116592,
    "keyslot_top_head": 2.0,
    "keyslot_top_layer": 0.0,
    "lr": 0.0004628064124873411,
    "p_dynamic": 1.0,
    "p_multi": 0.0,
    "step": 16000,
    "train_acc": 0.0,
    "train_loss": 8.179969787597656
  },
  "metadata": {
    "condition": "fresh_singlehop_late_seed6",
    "extension_label": "cosine_pre_horizon",
    "final_lr": 5e-06,
    "final_step": 29499,
    "intro_eval_step": 16000,
    "intro_step": 16000,
    "lr_at_intro_eval": 0.0004628064124873411,
    "lr_at_intro_formula": 0.0004628064124873411,
    "lr_at_t_schedule_eval": 5.707931487087708e-06,
    "lr_at_t_schedule_formula": 5e-06,
    "lr_final_eval": 5.707931487087708e-06,
    "lr_tail_mean": 1.7687683232546238e-05,
    "max_steps": 29500,
    "peak_lr": 0.001,
    "post_intro_steps": 13500,
    "rewarm_lr": null,
    "rewarm_step": null,
    "schedule_kind": "warmup_cosine",
    "seed": 6,
    "steps_after_t_schedule": 0,
    "t_schedule": 30000,
    "t_schedule_eval_step": 29499
  },
  "n_eval_rows": 591,
  "run_dir": "runs/behavioral_replication_v0_9/s6/fresh_hop1_s1/fresh_singlehop_late_seed6",
  "t_schedule_snapshot": {
    "base_floor_hop1_acc": 0.134765625,
    "base_floor_hop2_acc": 0.134765625,
    "base_hop1_acc": 0.968017578125,
    "base_hop1_loss": 0.07794473983813077,
    "base_hop2_acc": 0.0,
    "base_hop2_loss": 37.181591749191284,
    "base_keyslot_mean": 0.0173338633030653,
    "base_keyslot_top1": 0.05253104120492935,
    "base_keyslot_top_head": 1.0,
    "base_keyslot_top_layer": 2.0,
    "floor_hop1_acc": 0.15478515625,
    "floor_hop2_acc": 0.13818359375,
    "fresh_floor_hop1_acc": 0.13818359375,
    "fresh_floor_hop2_acc": 0.14501953125,
    "fresh_hop1_acc": 1.0,
    "fresh_hop1_loss": 4.2055029236820474e-08,
    "fresh_hop2_acc": 0.0,
    "fresh_hop2_loss": 21.8417387008667,
    "fresh_keyslot_mean": 0.013321388512849808,
    "fresh_keyslot_top1": 0.05074279010295868,
    "fresh_keyslot_top_head": 1.0,
    "fresh_keyslot_top_layer": 2.0,
    "hop1_acc": 1.0,
    "hop1_loss": 4.077446069672419e-08,
    "hop2_acc": 0.0,
    "hop2_loss": 21.870998859405518,
    "keyslot_mean": 0.01333034411072731,
    "keyslot_top1": 0.051096465438604355,
    "keyslot_top_head": 1.0,
    "keyslot_top_layer": 2.0,
    "lr": 5.707931487087708e-06,
    "p_dynamic": 1.0,
    "p_multi": 0.0,
    "step": 29499,
    "train_acc": 1.0,
    "train_loss": 3.818421845380726e-08
  },
  "tail_metrics": {
    "base_floor_hop1_acc": 0.13566770391949154,
    "base_floor_hop2_acc": 0.13527045815677965,
    "base_hop1_acc": 0.9709720934851694,
    "base_hop2_acc": 0.0,
    "floor_hop1_acc": 0.1432898569915254,
    "floor_hop2_acc": 0.1375546212923729,
    "fresh_floor_hop1_acc": 0.139209811970339,
    "fresh_floor_hop2_acc": 0.14221398305084745,
    "fresh_hop1_acc": 1.0,
    "fresh_hop2_acc": 0.0,
    "hop1_acc": 1.0,
    "hop2_acc": 0.0,
    "lr": 1.7687683232546238e-05,
    "train_acc": 1.0
  },
  "transitions": {
    "t_base_floor_hop1_acc_ge_0.95": null,
    "t_base_floor_hop1_acc_ge_0.99": null,
    "t_base_floor_hop2_acc_ge_0.50": null,
    "t_base_floor_hop2_acc_ge_0.8": null,
    "t_base_floor_hop2_acc_ge_0.95": null,
    "t_base_floor_hop2_acc_ge_0.99": null,
    "t_base_hop1_acc_ge_0.95": 1100,
    "t_base_hop1_acc_ge_0.99": 1150,
    "t_base_hop2_acc_ge_0.50": null,
    "t_base_hop2_acc_ge_0.8": null,
    "t_base_hop2_acc_ge_0.95": null,
    "t_base_hop2_acc_ge_0.99": null,
    "t_base_keyslot_top1_ge_half_max": 300,
    "t_floor_hop1_acc_ge_0.95": null,
    "t_floor_hop1_acc_ge_0.99": null,
    "t_floor_hop2_acc_ge_0.50": null,
    "t_floor_hop2_acc_ge_0.8": null,
    "t_floor_hop2_acc_ge_0.95": null,
    "t_floor_hop2_acc_ge_0.99": null,
    "t_fresh_floor_hop1_acc_ge_0.95": null,
    "t_fresh_floor_hop1_acc_ge_0.99": null,
    "t_fresh_floor_hop2_acc_ge_0.50": null,
    "t_fresh_floor_hop2_acc_ge_0.8": null,
    "t_fresh_floor_hop2_acc_ge_0.95": null,
    "t_fresh_floor_hop2_acc_ge_0.99": null,
    "t_fresh_hop1_acc_ge_0.95": 16250,
    "t_fresh_hop1_acc_ge_0.99": 16250,
    "t_fresh_hop2_acc_ge_0.50": null,
    "t_fresh_hop2_acc_ge_0.8": null,
    "t_fresh_hop2_acc_ge_0.95": null,
    "t_fresh_hop2_acc_ge_0.99": null,
    "t_fresh_keyslot_top1_ge_half_max": 300,
    "t_hop1_acc_ge_0.95": 1100,
    "t_hop1_acc_ge_0.99": 1150,
    "t_hop2_acc_ge_0.50": null,
    "t_hop2_acc_ge_0.8": null,
    "t_hop2_acc_ge_0.95": null,
    "t_hop2_acc_ge_0.99": null,
    "t_keyslot_top1_ge_half_max": 300
  }
}