{
  "excess_over_floor": {
    "hop1_excess_tail": 0.8606703016493056,
    "hop2_excess_tail": 0.028245713975694448
  },
  "final_metrics": {
    "floor_hop1_acc": 0.14501953125,
    "floor_hop2_acc": 0.15966796875,
    "hop1_acc": 0.99951171875,
    "hop1_loss": 0.0017997020613620407,
    "hop2_acc": 0.17529296875,
    "hop2_loss": 2.1097301989793777,
    "keyslot_mean": 0.03585583344101906,
    "keyslot_top1": 0.10717745870351791,
    "keyslot_top_head": 1.0,
    "keyslot_top_layer": 0.0,
    "lr": 5.000001948077038e-06,
    "p_dynamic": 1.0,
    "p_multi": 0.5,
    "train_acc": 0.58984375,
    "train_loss": 1.0387306213378906
  },
  "final_step": 35999,
  "intro_snapshot": {
    "floor_hop1_acc": 0.14111328125,
    "floor_hop2_acc": 0.1376953125,
    "hop1_acc": 1.0,
    "hop1_loss": 8.866417772424029e-06,
    "hop2_acc": 0.0,
    "hop2_loss": 26.50150752067566,
    "keyslot_mean": 0.02597072720527649,
    "keyslot_top1": 0.043622247874736786,
    "keyslot_top_head": 1.0,
    "keyslot_top_layer": 2.0,
    "lr": 0.0006009064556902949,
    "p_dynamic": 1.0,
    "p_multi": 0.5,
    "step": 16000,
    "train_acc": 0.5234375,
    "train_loss": 13.021912574768066
  },
  "metadata": {
    "condition": "late_gate_post_seed3",
    "extension_label": "cosine_full_horizon",
    "final_lr": 5e-06,
    "final_step": 35999,
    "intro_eval_step": 16000,
    "intro_step": 16000,
    "lr_at_intro_eval": 0.0006009064556902949,
    "lr_at_intro_formula": 0.0006009064556902949,
    "lr_at_t_schedule_eval": 5.000001948077038e-06,
    "lr_at_t_schedule_formula": 5e-06,
    "lr_final_eval": 5.000001948077038e-06,
    "lr_tail_mean": 1.320003705578538e-05,
    "max_steps": 36000,
    "peak_lr": 0.001,
    "post_intro_steps": 20000,
    "rewarm_lr": null,
    "rewarm_step": null,
    "schedule_kind": "warmup_cosine",
    "seed": 3,
    "steps_after_t_schedule": 0,
    "t_schedule": 36000,
    "t_schedule_eval_step": 35999
  },
  "n_eval_rows": 721,
  "run_dir": "runs/behavioral_replication_v0_9/s3/s1_longcos_late/late_gate_post_seed3",
  "t_schedule_snapshot": {
    "floor_hop1_acc": 0.14501953125,
    "floor_hop2_acc": 0.15966796875,
    "hop1_acc": 0.99951171875,
    "hop1_loss": 0.0017997020613620407,
    "hop2_acc": 0.17529296875,
    "hop2_loss": 2.1097301989793777,
    "keyslot_mean": 0.03585583344101906,
    "keyslot_top1": 0.10717745870351791,
    "keyslot_top_head": 1.0,
    "keyslot_top_layer": 0.0,
    "lr": 5.000001948077038e-06,
    "p_dynamic": 1.0,
    "p_multi": 0.5,
    "step": 35999,
    "train_acc": 0.58984375,
    "train_loss": 1.0387306213378906
  },
  "tail_metrics": {
    "floor_hop1_acc": 0.1390448676215278,
    "floor_hop2_acc": 0.14283582899305555,
    "hop1_acc": 0.9997151692708334,
    "hop2_acc": 0.17108154296875,
    "lr": 1.320003705578538e-05,
    "train_acc": 0.58447265625
  },
  "transitions": {
    "t_floor_hop1_acc_ge_0.95": null,
    "t_floor_hop1_acc_ge_0.99": null,
    "t_floor_hop2_acc_ge_0.50": null,
    "t_floor_hop2_acc_ge_0.8": null,
    "t_floor_hop2_acc_ge_0.95": null,
    "t_floor_hop2_acc_ge_0.99": null,
    "t_hop1_acc_ge_0.95": 2000,
    "t_hop1_acc_ge_0.99": 2200,
    "t_hop2_acc_ge_0.50": null,
    "t_hop2_acc_ge_0.8": null,
    "t_hop2_acc_ge_0.95": null,
    "t_hop2_acc_ge_0.99": null,
    "t_keyslot_top1_ge_half_max": 300
  }
}