{
  "excess_over_floor": {
    "hop1_excess_tail": 0.862881130642361,
    "hop2_excess_tail": 0.863006591796875
  },
  "final_metrics": {
    "floor_hop1_acc": 0.13916015625,
    "floor_hop2_acc": 0.12939453125,
    "hop1_acc": 1.0,
    "hop1_loss": 7.065487864110764e-05,
    "hop2_acc": 0.998291015625,
    "hop2_loss": 0.013779507122308132,
    "keyslot_mean": 0.011508672498166561,
    "keyslot_top1": 0.06607158482074738,
    "keyslot_top_head": 1.0,
    "keyslot_top_layer": 3.0,
    "lr": 0.001,
    "p_dynamic": 1.0,
    "p_multi": 0.5,
    "train_acc": 1.0,
    "train_loss": 6.288306030910462e-05
  },
  "final_step": 35999,
  "intro_snapshot": {
    "floor_hop1_acc": 0.146484375,
    "floor_hop2_acc": 0.13525390625,
    "hop1_acc": 0.99951171875,
    "hop1_loss": 0.0017633552366760341,
    "hop2_acc": 0.0,
    "hop2_loss": 27.025851726531982,
    "keyslot_mean": 0.02759302593767643,
    "keyslot_top1": 0.048017941415309906,
    "keyslot_top_head": 0.0,
    "keyslot_top_layer": 2.0,
    "lr": 0.001,
    "p_dynamic": 1.0,
    "p_multi": 0.5,
    "step": 16000,
    "train_acc": 0.5234375,
    "train_loss": 14.014046669006348
  },
  "metadata": {
    "condition": "late_gate_post_seed3",
    "extension_label": "cosine_history_then_high_lr_rewarm",
    "final_lr": 5e-06,
    "final_step": 35999,
    "intro_eval_step": 16000,
    "intro_step": 16000,
    "lr_at_intro_eval": 0.001,
    "lr_at_intro_formula": 0.001,
    "lr_at_t_schedule_eval": 0.001,
    "lr_at_t_schedule_formula": 0.001,
    "lr_final_eval": 0.001,
    "lr_tail_mean": 0.0010000000000000007,
    "max_steps": 36000,
    "peak_lr": 0.001,
    "post_intro_steps": 20000,
    "rewarm_lr": 0.001,
    "rewarm_step": 16000,
    "schedule_kind": "warmup_cosine_then_rewarm_constant_reset_optim",
    "seed": 3,
    "steps_after_t_schedule": 6000,
    "t_schedule": 30000,
    "t_schedule_eval_step": 30000
  },
  "n_eval_rows": 721,
  "run_dir": "runs/behavioral_replication_v0_9/s3/rewarm_reset_late/late_gate_post_seed3",
  "t_schedule_snapshot": {
    "floor_hop1_acc": 0.1357421875,
    "floor_hop2_acc": 0.13818359375,
    "hop1_acc": 0.99951171875,
    "hop1_loss": 0.0012278890515062812,
    "hop2_acc": 0.998291015625,
    "hop2_loss": 0.006747438723323285,
    "keyslot_mean": 0.011010276153683662,
    "keyslot_top1": 0.03737251088023186,
    "keyslot_top_head": 3.0,
    "keyslot_top_layer": 3.0,
    "lr": 0.001,
    "p_dynamic": 1.0,
    "p_multi": 0.5,
    "step": 30000,
    "train_acc": 0.99609375,
    "train_loss": 0.0028782666195183992
  },
  "tail_metrics": {
    "floor_hop1_acc": 0.13680013020833334,
    "floor_hop2_acc": 0.13591172960069445,
    "hop1_acc": 0.9996812608506944,
    "hop2_acc": 0.9989183213975694,
    "lr": 0.0010000000000000007,
    "train_acc": 0.9990776909722222
  },
  "transitions": {
    "t_floor_hop1_acc_ge_0.95": null,
    "t_floor_hop1_acc_ge_0.99": null,
    "t_floor_hop2_acc_ge_0.50": null,
    "t_floor_hop2_acc_ge_0.8": null,
    "t_floor_hop2_acc_ge_0.95": null,
    "t_floor_hop2_acc_ge_0.99": null,
    "t_hop1_acc_ge_0.95": 2000,
    "t_hop1_acc_ge_0.99": 2150,
    "t_hop2_acc_ge_0.50": 23950,
    "t_hop2_acc_ge_0.8": 23950,
    "t_hop2_acc_ge_0.95": 24000,
    "t_hop2_acc_ge_0.99": 24100,
    "t_keyslot_top1_ge_half_max": 300
  }
}