{
  "excess_over_floor": {
    "base_hop1_excess_tail": 0.8111096398305084,
    "base_hop2_excess_tail": 0.0,
    "fresh_hop1_excess_tail": 0.8601281117584746,
    "fresh_hop2_excess_tail": 0.0,
    "hop1_excess_tail": 0.8599377648305084,
    "hop2_excess_tail": 0.0
  },
  "final_metrics": {
    "base_floor_hop1_acc": 0.123046875,
    "base_floor_hop2_acc": 0.1328125,
    "base_hop1_acc": 0.946533203125,
    "base_hop1_loss": 1.0275028012692928,
    "base_hop2_acc": 0.00341796875,
    "base_hop2_loss": 46.7798011302948,
    "base_keyslot_mean": 0.019316842779517174,
    "base_keyslot_top1": 0.04509776830673218,
    "base_keyslot_top_head": 1.0,
    "base_keyslot_top_layer": 2.0,
    "floor_hop1_acc": 0.14111328125,
    "floor_hop2_acc": 0.1513671875,
    "fresh_floor_hop1_acc": 0.134765625,
    "fresh_floor_hop2_acc": 0.13623046875,
    "fresh_hop1_acc": 1.0,
    "fresh_hop1_loss": 2.9453072647456224e-08,
    "fresh_hop2_acc": 0.0,
    "fresh_hop2_loss": 20.436506986618042,
    "fresh_keyslot_mean": 0.01153104193508625,
    "fresh_keyslot_top1": 0.03341859579086304,
    "fresh_keyslot_top_head": 0.0,
    "fresh_keyslot_top_layer": 3.0,
    "hop1_acc": 1.0,
    "hop1_loss": 2.9453072647456224e-08,
    "hop2_acc": 0.0,
    "hop2_loss": 20.42375385761261,
    "keyslot_mean": 0.011516773141920567,
    "keyslot_top1": 0.03334503993391991,
    "keyslot_top_head": 0.0,
    "keyslot_top_layer": 3.0,
    "lr": 5.707931487087708e-06,
    "p_dynamic": 1.0,
    "p_multi": 0.0,
    "train_acc": 1.0,
    "train_loss": 3.306194784613581e-08
  },
  "final_step": 29499,
  "intro_snapshot": {
    "base_floor_hop1_acc": 0.146484375,
    "base_floor_hop2_acc": 0.12744140625,
    "base_hop1_acc": 1.0,
    "base_hop1_loss": 8.28294872690094e-08,
    "base_hop2_acc": 0.0,
    "base_hop2_loss": 20.934420466423035,
    "base_keyslot_mean": 0.02002621814608574,
    "base_keyslot_top1": 0.04189052805304527,
    "base_keyslot_top_head": 1.0,
    "base_keyslot_top_layer": 3.0,
    "floor_hop1_acc": 0.0,
    "floor_hop2_acc": 0.0,
    "fresh_floor_hop1_acc": 0.0,
    "fresh_floor_hop2_acc": 0.0,
    "fresh_hop1_acc": 0.0,
    "fresh_hop1_loss": 8.552119433879852,
    "fresh_hop2_acc": 0.0,
    "fresh_hop2_loss": 8.539182126522064,
    "fresh_keyslot_mean": 0.019814955070614815,
    "fresh_keyslot_top1": 0.04715345799922943,
    "fresh_keyslot_top_head": 3.0,
    "fresh_keyslot_top_layer": 2.0,
    "hop1_acc": 0.0,
    "hop1_loss": 8.557662904262543,
    "hop2_acc": 0.0,
    "hop2_loss": 8.546277105808258,
    "keyslot_mean": 0.0194984320551157,
    "keyslot_top1": 0.04553966224193573,
    "keyslot_top_head": 3.0,
    "keyslot_top_layer": 2.0,
    "lr": 0.0004628064124873411,
    "p_dynamic": 1.0,
    "p_multi": 0.0,
    "step": 16000,
    "train_acc": 0.0,
    "train_loss": 10.077966690063477
  },
  "metadata": {
    "condition": "fresh_singlehop_late_seed4",
    "extension_label": "cosine_pre_horizon",
    "final_lr": 5e-06,
    "final_step": 29499,
    "intro_eval_step": 16000,
    "intro_step": 16000,
    "lr_at_intro_eval": 0.0004628064124873411,
    "lr_at_intro_formula": 0.0004628064124873411,
    "lr_at_t_schedule_eval": 5.707931487087708e-06,
    "lr_at_t_schedule_formula": 5e-06,
    "lr_final_eval": 5.707931487087708e-06,
    "lr_tail_mean": 1.7687683232546238e-05,
    "max_steps": 29500,
    "peak_lr": 0.001,
    "post_intro_steps": 13500,
    "rewarm_lr": null,
    "rewarm_step": null,
    "schedule_kind": "warmup_cosine",
    "seed": 4,
    "steps_after_t_schedule": 0,
    "t_schedule": 30000,
    "t_schedule_eval_step": 29499
  },
  "n_eval_rows": 591,
  "run_dir": "runs/behavioral_replication_v0_9/s4/fresh_hop1_s1/fresh_singlehop_late_seed4",
  "t_schedule_snapshot": {
    "base_floor_hop1_acc": 0.123046875,
    "base_floor_hop2_acc": 0.1328125,
    "base_hop1_acc": 0.946533203125,
    "base_hop1_loss": 1.0275028012692928,
    "base_hop2_acc": 0.00341796875,
    "base_hop2_loss": 46.7798011302948,
    "base_keyslot_mean": 0.019316842779517174,
    "base_keyslot_top1": 0.04509776830673218,
    "base_keyslot_top_head": 1.0,
    "base_keyslot_top_layer": 2.0,
    "floor_hop1_acc": 0.14111328125,
    "floor_hop2_acc": 0.1513671875,
    "fresh_floor_hop1_acc": 0.134765625,
    "fresh_floor_hop2_acc": 0.13623046875,
    "fresh_hop1_acc": 1.0,
    "fresh_hop1_loss": 2.9453072647456224e-08,
    "fresh_hop2_acc": 0.0,
    "fresh_hop2_loss": 20.436506986618042,
    "fresh_keyslot_mean": 0.01153104193508625,
    "fresh_keyslot_top1": 0.03341859579086304,
    "fresh_keyslot_top_head": 0.0,
    "fresh_keyslot_top_layer": 3.0,
    "hop1_acc": 1.0,
    "hop1_loss": 2.9453072647456224e-08,
    "hop2_acc": 0.0,
    "hop2_loss": 20.42375385761261,
    "keyslot_mean": 0.011516773141920567,
    "keyslot_top1": 0.03334503993391991,
    "keyslot_top_head": 0.0,
    "keyslot_top_layer": 3.0,
    "lr": 5.707931487087708e-06,
    "p_dynamic": 1.0,
    "p_multi": 0.0,
    "step": 29499,
    "train_acc": 1.0,
    "train_loss": 3.306194784613581e-08
  },
  "tail_metrics": {
    "base_floor_hop1_acc": 0.1346249337923729,
    "base_floor_hop2_acc": 0.13222490730932204,
    "base_hop1_acc": 0.9457345736228814,
    "base_hop2_acc": 0.005838685116525424,
    "floor_hop1_acc": 0.14006223516949154,
    "floor_hop2_acc": 0.1408650026483051,
    "fresh_floor_hop1_acc": 0.1398718882415254,
    "fresh_floor_hop2_acc": 0.13904429290254236,
    "fresh_hop1_acc": 1.0,
    "fresh_hop2_acc": 0.0,
    "hop1_acc": 1.0,
    "hop2_acc": 0.0,
    "lr": 1.7687683232546238e-05,
    "train_acc": 1.0
  },
  "transitions": {
    "t_base_floor_hop1_acc_ge_0.95": null,
    "t_base_floor_hop1_acc_ge_0.99": null,
    "t_base_floor_hop2_acc_ge_0.50": null,
    "t_base_floor_hop2_acc_ge_0.8": null,
    "t_base_floor_hop2_acc_ge_0.95": null,
    "t_base_floor_hop2_acc_ge_0.99": null,
    "t_base_hop1_acc_ge_0.95": 1250,
    "t_base_hop1_acc_ge_0.99": 1250,
    "t_base_hop2_acc_ge_0.50": null,
    "t_base_hop2_acc_ge_0.8": null,
    "t_base_hop2_acc_ge_0.95": null,
    "t_base_hop2_acc_ge_0.99": null,
    "t_base_keyslot_top1_ge_half_max": 300,
    "t_floor_hop1_acc_ge_0.95": null,
    "t_floor_hop1_acc_ge_0.99": null,
    "t_floor_hop2_acc_ge_0.50": null,
    "t_floor_hop2_acc_ge_0.8": null,
    "t_floor_hop2_acc_ge_0.95": null,
    "t_floor_hop2_acc_ge_0.99": null,
    "t_fresh_floor_hop1_acc_ge_0.95": null,
    "t_fresh_floor_hop1_acc_ge_0.99": null,
    "t_fresh_floor_hop2_acc_ge_0.50": null,
    "t_fresh_floor_hop2_acc_ge_0.8": null,
    "t_fresh_floor_hop2_acc_ge_0.95": null,
    "t_fresh_floor_hop2_acc_ge_0.99": null,
    "t_fresh_hop1_acc_ge_0.95": 16300,
    "t_fresh_hop1_acc_ge_0.99": 16300,
    "t_fresh_hop2_acc_ge_0.50": null,
    "t_fresh_hop2_acc_ge_0.8": null,
    "t_fresh_hop2_acc_ge_0.95": null,
    "t_fresh_hop2_acc_ge_0.99": null,
    "t_fresh_keyslot_top1_ge_half_max": 300,
    "t_hop1_acc_ge_0.95": 1250,
    "t_hop1_acc_ge_0.99": 1250,
    "t_hop2_acc_ge_0.50": null,
    "t_hop2_acc_ge_0.8": null,
    "t_hop2_acc_ge_0.95": null,
    "t_hop2_acc_ge_0.99": null,
    "t_keyslot_top1_ge_half_max": 300
  }
}