{
  "excess_over_floor": {
    "hop1_excess_tail": 0.8586832682291666,
    "hop2_excess_tail": 0.8635999891493055
  },
  "final_metrics": {
    "floor_hop1_acc": 0.142578125,
    "floor_hop2_acc": 0.13671875,
    "hop1_acc": 1.0,
    "hop1_loss": 1.8383092282192592e-05,
    "hop2_acc": 0.99853515625,
    "hop2_loss": 0.005935115967531601,
    "keyslot_mean": 0.0397464781999588,
    "keyslot_top1": 0.08605833351612091,
    "keyslot_top_head": 1.0,
    "keyslot_top_layer": 2.0,
    "lr": 0.001,
    "p_dynamic": 1.0,
    "p_multi": 0.5,
    "train_acc": 1.0,
    "train_loss": 0.0007621671538800001
  },
  "final_step": 35999,
  "intro_snapshot": {
    "floor_hop1_acc": 0.1259765625,
    "floor_hop2_acc": 0.15380859375,
    "hop1_acc": 1.0,
    "hop1_loss": 9.070231907770676e-07,
    "hop2_acc": 0.0,
    "hop2_loss": 28.753864288330078,
    "keyslot_mean": 0.03139384463429451,
    "keyslot_top1": 0.051095787435770035,
    "keyslot_top_head": 0.0,
    "keyslot_top_layer": 0.0,
    "lr": 0.001,
    "p_dynamic": 1.0,
    "p_multi": 0.5,
    "step": 16000,
    "train_acc": 0.5,
    "train_loss": 15.938152313232422
  },
  "metadata": {
    "condition": "late_gate_post_seed7",
    "extension_label": "cosine_history_then_high_lr_rewarm",
    "final_lr": 5e-06,
    "final_step": 35999,
    "intro_eval_step": 16000,
    "intro_step": 16000,
    "lr_at_intro_eval": 0.001,
    "lr_at_intro_formula": 0.001,
    "lr_at_t_schedule_eval": 0.001,
    "lr_at_t_schedule_formula": 0.001,
    "lr_final_eval": 0.001,
    "lr_tail_mean": 0.0010000000000000007,
    "max_steps": 36000,
    "peak_lr": 0.001,
    "post_intro_steps": 20000,
    "rewarm_lr": 0.001,
    "rewarm_step": 16000,
    "schedule_kind": "warmup_cosine_then_rewarm_constant_reset_optim",
    "seed": 7,
    "steps_after_t_schedule": 6000,
    "t_schedule": 30000,
    "t_schedule_eval_step": 30000
  },
  "n_eval_rows": 721,
  "run_dir": "runs/behavioral_replication_v0_9/s7/rewarm_reset_late/late_gate_post_seed7",
  "t_schedule_snapshot": {
    "floor_hop1_acc": 0.1328125,
    "floor_hop2_acc": 0.1318359375,
    "hop1_acc": 0.99951171875,
    "hop1_loss": 0.002782424138558781,
    "hop2_acc": 0.998291015625,
    "hop2_loss": 0.02394543283207895,
    "keyslot_mean": 0.04135744273662567,
    "keyslot_top1": 0.10488545894622803,
    "keyslot_top_head": 1.0,
    "keyslot_top_layer": 3.0,
    "lr": 0.001,
    "p_dynamic": 1.0,
    "p_multi": 0.5,
    "step": 30000,
    "train_acc": 1.0,
    "train_loss": 8.47399205667898e-05
  },
  "tail_metrics": {
    "floor_hop1_acc": 0.14106580946180555,
    "floor_hop2_acc": 0.13564046223958334,
    "hop1_acc": 0.9997490776909722,
    "hop2_acc": 0.9992404513888888,
    "lr": 0.0010000000000000007,
    "train_acc": 0.9994574652777778
  },
  "transitions": {
    "t_floor_hop1_acc_ge_0.95": null,
    "t_floor_hop1_acc_ge_0.99": null,
    "t_floor_hop2_acc_ge_0.50": null,
    "t_floor_hop2_acc_ge_0.8": null,
    "t_floor_hop2_acc_ge_0.95": null,
    "t_floor_hop2_acc_ge_0.99": null,
    "t_hop1_acc_ge_0.95": 4200,
    "t_hop1_acc_ge_0.99": 4250,
    "t_hop2_acc_ge_0.50": 23500,
    "t_hop2_acc_ge_0.8": 23500,
    "t_hop2_acc_ge_0.95": 23550,
    "t_hop2_acc_ge_0.99": 23700,
    "t_keyslot_top1_ge_half_max": 300
  }
}