{
  "excess_over_floor": {
    "hop1_excess_tail": 0.8597005208333334,
    "hop2_excess_tail": 0.8650580512152778
  },
  "final_metrics": {
    "floor_hop1_acc": 0.13134765625,
    "floor_hop2_acc": 0.13916015625,
    "hop1_acc": 1.0,
    "hop1_loss": 3.161704631793327e-05,
    "hop2_acc": 0.999267578125,
    "hop2_loss": 0.005825966070005961,
    "keyslot_mean": 0.03109665960073471,
    "keyslot_top1": 0.11299581080675125,
    "keyslot_top_head": 2.0,
    "keyslot_top_layer": 2.0,
    "lr": 0.001,
    "p_dynamic": 1.0,
    "p_multi": 0.5,
    "train_acc": 1.0,
    "train_loss": 0.00024175934959203005
  },
  "final_step": 35999,
  "intro_snapshot": {
    "floor_hop1_acc": 0.14599609375,
    "floor_hop2_acc": 0.142578125,
    "hop1_acc": 1.0,
    "hop1_loss": 4.86023210122255e-07,
    "hop2_acc": 0.0,
    "hop2_loss": 29.369513273239136,
    "keyslot_mean": 0.0263223797082901,
    "keyslot_top1": 0.04347992688417435,
    "keyslot_top_head": 0.0,
    "keyslot_top_layer": 3.0,
    "lr": 0.001,
    "p_dynamic": 1.0,
    "p_multi": 0.5,
    "step": 16000,
    "train_acc": 0.4921875,
    "train_loss": 15.444040298461914
  },
  "metadata": {
    "condition": "late_gate_post_seed4",
    "extension_label": "cosine_history_then_high_lr_rewarm",
    "final_lr": 5e-06,
    "final_step": 35999,
    "intro_eval_step": 16000,
    "intro_step": 16000,
    "lr_at_intro_eval": 0.001,
    "lr_at_intro_formula": 0.001,
    "lr_at_t_schedule_eval": 0.001,
    "lr_at_t_schedule_formula": 0.001,
    "lr_final_eval": 0.001,
    "lr_tail_mean": 0.0010000000000000007,
    "max_steps": 36000,
    "peak_lr": 0.001,
    "post_intro_steps": 20000,
    "rewarm_lr": 0.001,
    "rewarm_step": 16000,
    "schedule_kind": "warmup_cosine_then_rewarm_constant",
    "seed": 4,
    "steps_after_t_schedule": 6000,
    "t_schedule": 30000,
    "t_schedule_eval_step": 30000
  },
  "n_eval_rows": 721,
  "run_dir": "runs/behavioral_replication_v0_9/s4/rewarm_late/late_gate_post_seed4",
  "t_schedule_snapshot": {
    "floor_hop1_acc": 0.1533203125,
    "floor_hop2_acc": 0.13818359375,
    "hop1_acc": 0.99951171875,
    "hop1_loss": 0.0021454514853758155,
    "hop2_acc": 0.99951171875,
    "hop2_loss": 0.002124863756762352,
    "keyslot_mean": 0.0414348766207695,
    "keyslot_top1": 0.16342230141162872,
    "keyslot_top_head": 2.0,
    "keyslot_top_layer": 2.0,
    "lr": 0.001,
    "p_dynamic": 1.0,
    "p_multi": 0.5,
    "step": 30000,
    "train_acc": 0.99609375,
    "train_loss": 0.006880723871290684
  },
  "tail_metrics": {
    "floor_hop1_acc": 0.1398993598090278,
    "floor_hop2_acc": 0.13389756944444445,
    "hop1_acc": 0.9995998806423612,
    "hop2_acc": 0.9989556206597222,
    "lr": 0.0010000000000000007,
    "train_acc": 0.99951171875
  },
  "transitions": {
    "t_floor_hop1_acc_ge_0.95": null,
    "t_floor_hop1_acc_ge_0.99": null,
    "t_floor_hop2_acc_ge_0.50": null,
    "t_floor_hop2_acc_ge_0.8": null,
    "t_floor_hop2_acc_ge_0.95": null,
    "t_floor_hop2_acc_ge_0.99": null,
    "t_hop1_acc_ge_0.95": 2000,
    "t_hop1_acc_ge_0.99": 2050,
    "t_hop2_acc_ge_0.50": 29200,
    "t_hop2_acc_ge_0.8": 29200,
    "t_hop2_acc_ge_0.95": 29200,
    "t_hop2_acc_ge_0.99": 29250,
    "t_keyslot_top1_ge_half_max": 29150
  }
}