{
  "excess_over_floor": {
    "hop1_excess_tail": 0.8578389485677084,
    "hop2_excess_tail": 0.03953721788194445
  },
  "final_metrics": {
    "floor_hop1_acc": 0.14892578125,
    "floor_hop2_acc": 0.1494140625,
    "hop1_acc": 1.0,
    "hop1_loss": 0.0002068183182473149,
    "hop2_acc": 0.179443359375,
    "hop2_loss": 2.0163522362709045,
    "keyslot_mean": 0.0369969978928566,
    "keyslot_top1": 0.11168728023767471,
    "keyslot_top_head": 0.0,
    "keyslot_top_layer": 0.0,
    "lr": 5e-06,
    "p_dynamic": 1.0,
    "p_multi": 0.5,
    "train_acc": 0.5390625,
    "train_loss": 1.1116942167282104
  },
  "final_step": 35999,
  "intro_snapshot": {
    "floor_hop1_acc": 0.125,
    "floor_hop2_acc": 0.15478515625,
    "hop1_acc": 1.0,
    "hop1_loss": 4.1705631170785296e-08,
    "hop2_acc": 0.0,
    "hop2_loss": 30.337514877319336,
    "keyslot_mean": 0.03155064582824707,
    "keyslot_top1": 0.050461478531360626,
    "keyslot_top_head": 0.0,
    "keyslot_top_layer": 0.0,
    "lr": 0.0004628064124873411,
    "p_dynamic": 1.0,
    "p_multi": 0.5,
    "step": 16000,
    "train_acc": 0.5,
    "train_loss": 15.938152313232422
  },
  "metadata": {
    "condition": "late_gate_post_seed7",
    "extension_label": "cosine_final_lr_plateau_extension",
    "final_lr": 5e-06,
    "final_step": 35999,
    "intro_eval_step": 16000,
    "intro_step": 16000,
    "lr_at_intro_eval": 0.0004628064124873411,
    "lr_at_intro_formula": 0.0004628064124873411,
    "lr_at_t_schedule_eval": 5e-06,
    "lr_at_t_schedule_formula": 5e-06,
    "lr_final_eval": 5e-06,
    "lr_tail_mean": 5.000000000000009e-06,
    "max_steps": 36000,
    "peak_lr": 0.001,
    "post_intro_steps": 20000,
    "rewarm_lr": null,
    "rewarm_step": null,
    "schedule_kind": "warmup_cosine",
    "seed": 7,
    "steps_after_t_schedule": 6000,
    "t_schedule": 30000,
    "t_schedule_eval_step": 30000
  },
  "n_eval_rows": 721,
  "run_dir": "runs/behavioral_replication_v0_9/s7/s1_plateau_late/late_gate_post_seed7",
  "t_schedule_snapshot": {
    "floor_hop1_acc": 0.13232421875,
    "floor_hop2_acc": 0.1357421875,
    "hop1_acc": 0.999755859375,
    "hop1_loss": 0.0014800540484429803,
    "hop2_acc": 0.188232421875,
    "hop2_loss": 2.023077093064785,
    "keyslot_mean": 0.036859363317489624,
    "keyslot_top1": 0.10822790116071701,
    "keyslot_top_head": 0.0,
    "keyslot_top_layer": 0.0,
    "lr": 5e-06,
    "p_dynamic": 1.0,
    "p_multi": 0.5,
    "step": 30000,
    "train_acc": 0.5703125,
    "train_loss": 1.055083990097046
  },
  "tail_metrics": {
    "floor_hop1_acc": 0.1420355902777778,
    "floor_hop2_acc": 0.14211018880208334,
    "hop1_acc": 0.9998745388454862,
    "hop2_acc": 0.1816474066840278,
    "lr": 5.000000000000009e-06,
    "train_acc": 0.595703125
  },
  "transitions": {
    "t_floor_hop1_acc_ge_0.95": null,
    "t_floor_hop1_acc_ge_0.99": null,
    "t_floor_hop2_acc_ge_0.50": null,
    "t_floor_hop2_acc_ge_0.8": null,
    "t_floor_hop2_acc_ge_0.95": null,
    "t_floor_hop2_acc_ge_0.99": null,
    "t_hop1_acc_ge_0.95": 4200,
    "t_hop1_acc_ge_0.99": 4250,
    "t_hop2_acc_ge_0.50": null,
    "t_hop2_acc_ge_0.8": null,
    "t_hop2_acc_ge_0.95": null,
    "t_hop2_acc_ge_0.99": null,
    "t_keyslot_top1_ge_half_max": 300
  }
}