{
  "excess_over_floor": {
    "hop1_excess_tail": 0.8602193196614584,
    "hop2_excess_tail": 0.86419677734375
  },
  "final_metrics": {
    "floor_hop1_acc": 0.12646484375,
    "floor_hop2_acc": 0.14404296875,
    "hop1_acc": 0.999267578125,
    "hop1_loss": 0.002499715033962957,
    "hop2_acc": 0.998046875,
    "hop2_loss": 0.026627065827597107,
    "keyslot_mean": 0.026723366230726242,
    "keyslot_top1": 0.0609494186937809,
    "keyslot_top_head": 1.0,
    "keyslot_top_layer": 3.0,
    "lr": 0.001,
    "p_dynamic": 1.0,
    "p_multi": 0.5,
    "train_acc": 1.0,
    "train_loss": 4.739017822430469e-05
  },
  "final_step": 35999,
  "intro_snapshot": {
    "floor_hop1_acc": 0.1455078125,
    "floor_hop2_acc": 0.14306640625,
    "hop1_acc": 1.0,
    "hop1_loss": 3.2530817719589322e-06,
    "hop2_acc": 0.0,
    "hop2_loss": 28.146700501441956,
    "keyslot_mean": 0.026002880185842514,
    "keyslot_top1": 0.043282829225063324,
    "keyslot_top_head": 0.0,
    "keyslot_top_layer": 3.0,
    "lr": 0.001,
    "p_dynamic": 1.0,
    "p_multi": 0.5,
    "step": 16000,
    "train_acc": 0.4921875,
    "train_loss": 15.444040298461914
  },
  "metadata": {
    "condition": "late_gate_post_seed4",
    "extension_label": "cosine_history_then_high_lr_rewarm",
    "final_lr": 5e-06,
    "final_step": 35999,
    "intro_eval_step": 16000,
    "intro_step": 16000,
    "lr_at_intro_eval": 0.001,
    "lr_at_intro_formula": 0.001,
    "lr_at_t_schedule_eval": 0.001,
    "lr_at_t_schedule_formula": 0.001,
    "lr_final_eval": 0.001,
    "lr_tail_mean": 0.0010000000000000007,
    "max_steps": 36000,
    "peak_lr": 0.001,
    "post_intro_steps": 20000,
    "rewarm_lr": 0.001,
    "rewarm_step": 16000,
    "schedule_kind": "warmup_cosine_then_rewarm_constant_reset_optim",
    "seed": 4,
    "steps_after_t_schedule": 6000,
    "t_schedule": 30000,
    "t_schedule_eval_step": 30000
  },
  "n_eval_rows": 721,
  "run_dir": "runs/behavioral_replication_v0_9/s4/rewarm_reset_late/late_gate_post_seed4",
  "t_schedule_snapshot": {
    "floor_hop1_acc": 0.154296875,
    "floor_hop2_acc": 0.13916015625,
    "hop1_acc": 0.996337890625,
    "hop1_loss": 0.030488101901255504,
    "hop2_acc": 0.99755859375,
    "hop2_loss": 0.025745638351509115,
    "keyslot_mean": 0.0333092138171196,
    "keyslot_top1": 0.08696911484003067,
    "keyslot_top_head": 2.0,
    "keyslot_top_layer": 2.0,
    "lr": 0.001,
    "p_dynamic": 1.0,
    "p_multi": 0.5,
    "step": 30000,
    "train_acc": 1.0,
    "train_loss": 0.002684734296053648
  },
  "tail_metrics": {
    "floor_hop1_acc": 0.1394721137152778,
    "floor_hop2_acc": 0.13471815321180555,
    "hop1_acc": 0.9996914333767362,
    "hop2_acc": 0.9989149305555556,
    "lr": 0.0010000000000000007,
    "train_acc": 0.9993489583333334
  },
  "transitions": {
    "t_floor_hop1_acc_ge_0.95": null,
    "t_floor_hop1_acc_ge_0.99": null,
    "t_floor_hop2_acc_ge_0.50": null,
    "t_floor_hop2_acc_ge_0.8": null,
    "t_floor_hop2_acc_ge_0.95": null,
    "t_floor_hop2_acc_ge_0.99": null,
    "t_hop1_acc_ge_0.95": 2000,
    "t_hop1_acc_ge_0.99": 2050,
    "t_hop2_acc_ge_0.50": 26100,
    "t_hop2_acc_ge_0.8": 26150,
    "t_hop2_acc_ge_0.95": 26200,
    "t_hop2_acc_ge_0.99": 26250,
    "t_keyslot_top1_ge_half_max": 300
  }
}