{
  "excess_over_floor": {
    "hop1_excess_tail": 0.8603990342881944,
    "hop2_excess_tail": 0.8611077202690972
  },
  "final_metrics": {
    "floor_hop1_acc": 0.1279296875,
    "floor_hop2_acc": 0.1396484375,
    "hop1_acc": 0.999755859375,
    "hop1_loss": 0.0006365701324284601,
    "hop2_acc": 0.99658203125,
    "hop2_loss": 0.017268239163968246,
    "keyslot_mean": 0.05590709298849106,
    "keyslot_top1": 0.18453745543956757,
    "keyslot_top_head": 0.0,
    "keyslot_top_layer": 3.0,
    "lr": 0.001,
    "p_dynamic": 1.0,
    "p_multi": 0.5,
    "train_acc": 1.0,
    "train_loss": 0.0006999310571700335
  },
  "final_step": 35999,
  "intro_snapshot": {
    "floor_hop1_acc": 0.142578125,
    "floor_hop2_acc": 0.14453125,
    "hop1_acc": 1.0,
    "hop1_loss": 1.8038308056134156e-06,
    "hop2_acc": 0.0,
    "hop2_loss": 28.50929570198059,
    "keyslot_mean": 0.02832496166229248,
    "keyslot_top1": 0.05190242454409599,
    "keyslot_top_head": 3.0,
    "keyslot_top_layer": 0.0,
    "lr": 0.001,
    "p_dynamic": 1.0,
    "p_multi": 0.5,
    "step": 16000,
    "train_acc": 0.546875,
    "train_loss": 13.314022064208984
  },
  "metadata": {
    "condition": "late_gate_post_seed6",
    "extension_label": "cosine_history_then_high_lr_rewarm",
    "final_lr": 5e-06,
    "final_step": 35999,
    "intro_eval_step": 16000,
    "intro_step": 16000,
    "lr_at_intro_eval": 0.001,
    "lr_at_intro_formula": 0.001,
    "lr_at_t_schedule_eval": 0.001,
    "lr_at_t_schedule_formula": 0.001,
    "lr_final_eval": 0.001,
    "lr_tail_mean": 0.0010000000000000007,
    "max_steps": 36000,
    "peak_lr": 0.001,
    "post_intro_steps": 20000,
    "rewarm_lr": 0.001,
    "rewarm_step": 16000,
    "schedule_kind": "warmup_cosine_then_rewarm_constant",
    "seed": 6,
    "steps_after_t_schedule": 6000,
    "t_schedule": 30000,
    "t_schedule_eval_step": 30000
  },
  "n_eval_rows": 721,
  "run_dir": "runs/behavioral_replication_v0_9/s6/rewarm_late/late_gate_post_seed6",
  "t_schedule_snapshot": {
    "floor_hop1_acc": 0.140625,
    "floor_hop2_acc": 0.1318359375,
    "hop1_acc": 1.0,
    "hop1_loss": 0.0005273902297631139,
    "hop2_acc": 0.9892578125,
    "hop2_loss": 0.0660216532414779,
    "keyslot_mean": 0.061521805822849274,
    "keyslot_top1": 0.19598552584648132,
    "keyslot_top_head": 0.0,
    "keyslot_top_layer": 3.0,
    "lr": 0.001,
    "p_dynamic": 1.0,
    "p_multi": 0.5,
    "step": 30000,
    "train_acc": 0.9921875,
    "train_loss": 0.02966100163757801
  },
  "tail_metrics": {
    "floor_hop1_acc": 0.13947889539930555,
    "floor_hop2_acc": 0.13441297743055555,
    "hop1_acc": 0.9998779296875,
    "hop2_acc": 0.9955206976996528,
    "lr": 0.0010000000000000007,
    "train_acc": 0.9976128472222222
  },
  "transitions": {
    "t_floor_hop1_acc_ge_0.95": null,
    "t_floor_hop1_acc_ge_0.99": null,
    "t_floor_hop2_acc_ge_0.50": null,
    "t_floor_hop2_acc_ge_0.8": null,
    "t_floor_hop2_acc_ge_0.95": null,
    "t_floor_hop2_acc_ge_0.99": null,
    "t_hop1_acc_ge_0.95": 3350,
    "t_hop1_acc_ge_0.99": 3700,
    "t_hop2_acc_ge_0.50": 26800,
    "t_hop2_acc_ge_0.8": 28200,
    "t_hop2_acc_ge_0.95": 28750,
    "t_hop2_acc_ge_0.99": 30700,
    "t_keyslot_top1_ge_half_max": 26800
  }
}