{
  "excess_over_floor": {
    "hop1_excess_tail": 0.86224365234375,
    "hop2_excess_tail": 0.8627149793836806
  },
  "final_metrics": {
    "floor_hop1_acc": 0.142578125,
    "floor_hop2_acc": 0.1376953125,
    "hop1_acc": 1.0,
    "hop1_loss": 0.0003092288240509333,
    "hop2_acc": 0.998779296875,
    "hop2_loss": 0.015464635258467752,
    "keyslot_mean": 0.016948573291301727,
    "keyslot_top1": 0.06695835292339325,
    "keyslot_top_head": 1.0,
    "keyslot_top_layer": 3.0,
    "lr": 0.001,
    "p_dynamic": 1.0,
    "p_multi": 0.5,
    "train_acc": 1.0,
    "train_loss": 6.4035841205623e-05
  },
  "final_step": 35999,
  "intro_snapshot": {
    "floor_hop1_acc": 0.1474609375,
    "floor_hop2_acc": 0.1357421875,
    "hop1_acc": 1.0,
    "hop1_loss": 8.086493383174798e-05,
    "hop2_acc": 0.0,
    "hop2_loss": 28.521823406219482,
    "keyslot_mean": 0.027788899838924408,
    "keyslot_top1": 0.04748789593577385,
    "keyslot_top_head": 0.0,
    "keyslot_top_layer": 2.0,
    "lr": 0.001,
    "p_dynamic": 1.0,
    "p_multi": 0.5,
    "step": 16000,
    "train_acc": 0.5234375,
    "train_loss": 14.014046669006348
  },
  "metadata": {
    "condition": "late_gate_post_seed3",
    "extension_label": "cosine_history_then_high_lr_rewarm",
    "final_lr": 5e-06,
    "final_step": 35999,
    "intro_eval_step": 16000,
    "intro_step": 16000,
    "lr_at_intro_eval": 0.001,
    "lr_at_intro_formula": 0.001,
    "lr_at_t_schedule_eval": 0.001,
    "lr_at_t_schedule_formula": 0.001,
    "lr_final_eval": 0.001,
    "lr_tail_mean": 0.0010000000000000007,
    "max_steps": 36000,
    "peak_lr": 0.001,
    "post_intro_steps": 20000,
    "rewarm_lr": 0.001,
    "rewarm_step": 16000,
    "schedule_kind": "warmup_cosine_then_rewarm_constant",
    "seed": 3,
    "steps_after_t_schedule": 6000,
    "t_schedule": 30000,
    "t_schedule_eval_step": 30000
  },
  "n_eval_rows": 721,
  "run_dir": "runs/behavioral_replication_v0_9/s3/rewarm_late/late_gate_post_seed3",
  "t_schedule_snapshot": {
    "floor_hop1_acc": 0.1337890625,
    "floor_hop2_acc": 0.1416015625,
    "hop1_acc": 0.998046875,
    "hop1_loss": 0.010924050999165047,
    "hop2_acc": 0.99169921875,
    "hop2_loss": 0.07651739874563646,
    "keyslot_mean": 0.01562083326280117,
    "keyslot_top1": 0.09951626509428024,
    "keyslot_top_head": 1.0,
    "keyslot_top_layer": 3.0,
    "lr": 0.001,
    "p_dynamic": 1.0,
    "p_multi": 0.5,
    "step": 30000,
    "train_acc": 0.9921875,
    "train_loss": 0.10004578530788422
  },
  "tail_metrics": {
    "floor_hop1_acc": 0.13746473524305555,
    "floor_hop2_acc": 0.1361762152777778,
    "hop1_acc": 0.9997083875868056,
    "hop2_acc": 0.9988911946614584,
    "lr": 0.0010000000000000007,
    "train_acc": 0.99951171875
  },
  "transitions": {
    "t_floor_hop1_acc_ge_0.95": null,
    "t_floor_hop1_acc_ge_0.99": null,
    "t_floor_hop2_acc_ge_0.50": null,
    "t_floor_hop2_acc_ge_0.8": null,
    "t_floor_hop2_acc_ge_0.95": null,
    "t_floor_hop2_acc_ge_0.99": null,
    "t_hop1_acc_ge_0.95": 2000,
    "t_hop1_acc_ge_0.99": 2150,
    "t_hop2_acc_ge_0.50": 28350,
    "t_hop2_acc_ge_0.8": 28400,
    "t_hop2_acc_ge_0.95": 28450,
    "t_hop2_acc_ge_0.99": 28650,
    "t_keyslot_top1_ge_half_max": 300
  }
}