{
  "excess_over_floor": {
    "hop1_excess_tail": 0.860049777560764,
    "hop2_excess_tail": 0.8650682237413194
  },
  "final_metrics": {
    "floor_hop1_acc": 0.1240234375,
    "floor_hop2_acc": 0.138671875,
    "hop1_acc": 1.0,
    "hop1_loss": 9.951569751365241e-06,
    "hop2_acc": 1.0,
    "hop2_loss": 6.470180721862562e-05,
    "keyslot_mean": 0.031965866684913635,
    "keyslot_top1": 0.08457589894533157,
    "keyslot_top_head": 0.0,
    "keyslot_top_layer": 3.0,
    "lr": 0.001,
    "p_dynamic": 1.0,
    "p_multi": 0.5,
    "train_acc": 1.0,
    "train_loss": 0.0005061762640252709
  },
  "final_step": 35999,
  "intro_snapshot": {
    "floor_hop1_acc": 0.14501953125,
    "floor_hop2_acc": 0.1455078125,
    "hop1_acc": 1.0,
    "hop1_loss": 0.0002471238070143045,
    "hop2_acc": 0.0,
    "hop2_loss": 25.97243368625641,
    "keyslot_mean": 0.027656912803649902,
    "keyslot_top1": 0.0442061647772789,
    "keyslot_top_head": 0.0,
    "keyslot_top_layer": 3.0,
    "lr": 0.001,
    "p_dynamic": 1.0,
    "p_multi": 0.5,
    "step": 16000,
    "train_acc": 0.4921875,
    "train_loss": 14.349442481994629
  },
  "metadata": {
    "condition": "late_gate_post_seed4",
    "extension_label": "constant_high_lr",
    "final_lr": 5e-06,
    "final_step": 35999,
    "intro_eval_step": 16000,
    "intro_step": 16000,
    "lr_at_intro_eval": 0.001,
    "lr_at_intro_formula": 0.001,
    "lr_at_t_schedule_eval": 0.001,
    "lr_at_t_schedule_formula": 0.001,
    "lr_final_eval": 0.001,
    "lr_tail_mean": 0.0010000000000000007,
    "max_steps": 36000,
    "peak_lr": 0.001,
    "post_intro_steps": 20000,
    "rewarm_lr": null,
    "rewarm_step": null,
    "schedule_kind": "warmup_constant",
    "seed": 4,
    "steps_after_t_schedule": 6000,
    "t_schedule": 30000,
    "t_schedule_eval_step": 30000
  },
  "n_eval_rows": 721,
  "run_dir": "runs/behavioral_replication_v0_9/s4/s2_constant_late/late_gate_post_seed4",
  "t_schedule_snapshot": {
    "floor_hop1_acc": 0.1513671875,
    "floor_hop2_acc": 0.140625,
    "hop1_acc": 0.999755859375,
    "hop1_loss": 0.0005854683145116724,
    "hop2_acc": 0.99853515625,
    "hop2_loss": 0.015939710539896623,
    "keyslot_mean": 0.03726965934038162,
    "keyslot_top1": 0.10339535772800446,
    "keyslot_top_head": 0.0,
    "keyslot_top_layer": 3.0,
    "lr": 0.001,
    "p_dynamic": 1.0,
    "p_multi": 0.5,
    "step": 30000,
    "train_acc": 1.0,
    "train_loss": 0.0030332854948937893
  },
  "tail_metrics": {
    "floor_hop1_acc": 0.13957383897569445,
    "floor_hop2_acc": 0.1341010199652778,
    "hop1_acc": 0.9996236165364584,
    "hop2_acc": 0.9991692437065972,
    "lr": 0.0010000000000000007,
    "train_acc": 0.9994574652777778
  },
  "transitions": {
    "t_floor_hop1_acc_ge_0.95": null,
    "t_floor_hop1_acc_ge_0.99": null,
    "t_floor_hop2_acc_ge_0.50": null,
    "t_floor_hop2_acc_ge_0.8": null,
    "t_floor_hop2_acc_ge_0.95": null,
    "t_floor_hop2_acc_ge_0.99": null,
    "t_hop1_acc_ge_0.95": 2000,
    "t_hop1_acc_ge_0.99": 2100,
    "t_hop2_acc_ge_0.50": 22600,
    "t_hop2_acc_ge_0.8": 22650,
    "t_hop2_acc_ge_0.95": 22700,
    "t_hop2_acc_ge_0.99": 22750,
    "t_keyslot_top1_ge_half_max": 300
  }
}