{
  "excess_over_floor": {
    "hop1_excess_tail": 0.8603549533420138,
    "hop2_excess_tail": 0.025797526041666657
  },
  "final_metrics": {
    "floor_hop1_acc": 0.14013671875,
    "floor_hop2_acc": 0.13916015625,
    "hop1_acc": 0.99853515625,
    "hop1_loss": 0.0032966645867418265,
    "hop2_acc": 0.159912109375,
    "hop2_loss": 2.404655769467354,
    "keyslot_mean": 0.041318003088235855,
    "keyslot_top1": 0.10007897764444351,
    "keyslot_top_head": 3.0,
    "keyslot_top_layer": 0.0,
    "lr": 5e-06,
    "p_dynamic": 1.0,
    "p_multi": 0.5,
    "train_acc": 0.61328125,
    "train_loss": 1.0708260536193848
  },
  "final_step": 35999,
  "intro_snapshot": {
    "floor_hop1_acc": 0.1474609375,
    "floor_hop2_acc": 0.1357421875,
    "hop1_acc": 1.0,
    "hop1_loss": 1.535195915991494e-05,
    "hop2_acc": 0.0,
    "hop2_loss": 29.064861536026,
    "keyslot_mean": 0.027859855443239212,
    "keyslot_top1": 0.04726255685091019,
    "keyslot_top_head": 0.0,
    "keyslot_top_layer": 2.0,
    "lr": 0.0004628064124873411,
    "p_dynamic": 1.0,
    "p_multi": 0.5,
    "step": 16000,
    "train_acc": 0.5234375,
    "train_loss": 14.014046669006348
  },
  "metadata": {
    "condition": "late_gate_post_seed3",
    "extension_label": "cosine_final_lr_plateau_extension",
    "final_lr": 5e-06,
    "final_step": 35999,
    "intro_eval_step": 16000,
    "intro_step": 16000,
    "lr_at_intro_eval": 0.0004628064124873411,
    "lr_at_intro_formula": 0.0004628064124873411,
    "lr_at_t_schedule_eval": 5e-06,
    "lr_at_t_schedule_formula": 5e-06,
    "lr_final_eval": 5e-06,
    "lr_tail_mean": 5.000000000000009e-06,
    "max_steps": 36000,
    "peak_lr": 0.001,
    "post_intro_steps": 20000,
    "rewarm_lr": null,
    "rewarm_step": null,
    "schedule_kind": "warmup_cosine",
    "seed": 3,
    "steps_after_t_schedule": 6000,
    "t_schedule": 30000,
    "t_schedule_eval_step": 30000
  },
  "n_eval_rows": 721,
  "run_dir": "runs/behavioral_replication_v0_9/s3/s1_plateau_late/late_gate_post_seed3",
  "t_schedule_snapshot": {
    "floor_hop1_acc": 0.12939453125,
    "floor_hop2_acc": 0.15087890625,
    "hop1_acc": 0.999267578125,
    "hop1_loss": 0.0013820564605566688,
    "hop2_acc": 0.16943359375,
    "hop2_loss": 2.4030271619558334,
    "keyslot_mean": 0.041516903787851334,
    "keyslot_top1": 0.1008753702044487,
    "keyslot_top_head": 3.0,
    "keyslot_top_layer": 0.0,
    "lr": 5e-06,
    "p_dynamic": 1.0,
    "p_multi": 0.5,
    "step": 30000,
    "train_acc": 0.57421875,
    "train_loss": 1.2162775993347168
  },
  "tail_metrics": {
    "floor_hop1_acc": 0.1392550998263889,
    "floor_hop2_acc": 0.14277479383680555,
    "hop1_acc": 0.9996100531684028,
    "hop2_acc": 0.1685723198784722,
    "lr": 5.000000000000009e-06,
    "train_acc": 0.5832790798611112
  },
  "transitions": {
    "t_floor_hop1_acc_ge_0.95": null,
    "t_floor_hop1_acc_ge_0.99": null,
    "t_floor_hop2_acc_ge_0.50": null,
    "t_floor_hop2_acc_ge_0.8": null,
    "t_floor_hop2_acc_ge_0.95": null,
    "t_floor_hop2_acc_ge_0.99": null,
    "t_hop1_acc_ge_0.95": 2000,
    "t_hop1_acc_ge_0.99": 2150,
    "t_hop2_acc_ge_0.50": null,
    "t_hop2_acc_ge_0.8": null,
    "t_hop2_acc_ge_0.95": null,
    "t_hop2_acc_ge_0.99": null,
    "t_keyslot_top1_ge_half_max": 300
  }
}