{
  "excess_over_floor": {
    "hop1_excess_tail": 0.8715955946180556,
    "hop2_excess_tail": 0.8570387098524306
  },
  "final_metrics": {
    "floor_hop1_acc": 0.13232421875,
    "floor_hop2_acc": 0.1357421875,
    "hop1_acc": 1.0,
    "hop1_loss": 0.00012019934433737944,
    "hop2_acc": 0.99609375,
    "hop2_loss": 0.01790743377932813,
    "keyslot_mean": 0.03908735513687134,
    "keyslot_top1": 0.1436363309621811,
    "keyslot_top_head": 3.0,
    "keyslot_top_layer": 1.0,
    "lr": 0.001,
    "p_dynamic": 1.0,
    "p_multi": 0.5,
    "train_acc": 1.0,
    "train_loss": 0.0005358704947866499
  },
  "final_step": 35999,
  "intro_snapshot": {
    "floor_hop1_acc": 0.1298828125,
    "floor_hop2_acc": 0.1455078125,
    "hop1_acc": 1.0,
    "hop1_loss": 3.1582676287555955e-06,
    "hop2_acc": 0.0,
    "hop2_loss": 27.05481708049774,
    "keyslot_mean": 0.062417417764663696,
    "keyslot_top1": 0.14397238194942474,
    "keyslot_top_head": 0.0,
    "keyslot_top_layer": 1.0,
    "lr": 0.001,
    "p_dynamic": 1.0,
    "p_multi": 0.5,
    "step": 16000,
    "train_acc": 0.46875,
    "train_loss": 15.38621997833252
  },
  "metadata": {
    "condition": "late_gate_post_seed5",
    "extension_label": "cosine_history_then_high_lr_rewarm",
    "final_lr": 5e-06,
    "final_step": 35999,
    "intro_eval_step": 16000,
    "intro_step": 16000,
    "lr_at_intro_eval": 0.001,
    "lr_at_intro_formula": 0.001,
    "lr_at_t_schedule_eval": 0.001,
    "lr_at_t_schedule_formula": 0.001,
    "lr_final_eval": 0.001,
    "lr_tail_mean": 0.0010000000000000007,
    "max_steps": 36000,
    "peak_lr": 0.001,
    "post_intro_steps": 20000,
    "rewarm_lr": 0.001,
    "rewarm_step": 16000,
    "schedule_kind": "warmup_cosine_then_rewarm_constant",
    "seed": 5,
    "steps_after_t_schedule": 6000,
    "t_schedule": 30000,
    "t_schedule_eval_step": 30000
  },
  "n_eval_rows": 721,
  "run_dir": "runs/behavioral_replication_v0_9/s5/rewarm_late/late_gate_post_seed5",
  "t_schedule_snapshot": {
    "floor_hop1_acc": 0.134765625,
    "floor_hop2_acc": 0.1396484375,
    "hop1_acc": 0.99951171875,
    "hop1_loss": 0.005883494033696479,
    "hop2_acc": 0.80078125,
    "hop2_loss": 0.5067276749759912,
    "keyslot_mean": 0.07400983572006226,
    "keyslot_top1": 0.1538417637348175,
    "keyslot_top_head": 2.0,
    "keyslot_top_layer": 1.0,
    "lr": 0.001,
    "p_dynamic": 1.0,
    "p_multi": 0.5,
    "step": 30000,
    "train_acc": 0.90234375,
    "train_loss": 0.2829917073249817
  },
  "tail_metrics": {
    "floor_hop1_acc": 0.12818739149305555,
    "floor_hop2_acc": 0.1379123263888889,
    "hop1_acc": 0.9997829861111112,
    "hop2_acc": 0.9949510362413194,
    "lr": 0.0010000000000000007,
    "train_acc": 0.9977213541666666
  },
  "transitions": {
    "t_floor_hop1_acc_ge_0.95": null,
    "t_floor_hop1_acc_ge_0.99": null,
    "t_floor_hop2_acc_ge_0.50": null,
    "t_floor_hop2_acc_ge_0.8": null,
    "t_floor_hop2_acc_ge_0.95": null,
    "t_floor_hop2_acc_ge_0.99": null,
    "t_hop1_acc_ge_0.95": 1200,
    "t_hop1_acc_ge_0.99": 1300,
    "t_hop2_acc_ge_0.50": 28050,
    "t_hop2_acc_ge_0.8": 29700,
    "t_hop2_acc_ge_0.95": 31500,
    "t_hop2_acc_ge_0.99": 32500,
    "t_keyslot_top1_ge_half_max": 550
  }
}