{
  "excess_over_floor": {
    "hop1_excess_tail": 0.8585001627604166,
    "hop2_excess_tail": 0.07147555881076387
  },
  "final_metrics": {
    "floor_hop1_acc": 0.14404296875,
    "floor_hop2_acc": 0.1572265625,
    "hop1_acc": 1.0,
    "hop1_loss": 0.0009016854755827808,
    "hop2_acc": 0.208984375,
    "hop2_loss": 1.8820259645581245,
    "keyslot_mean": 0.026983371004462242,
    "keyslot_top1": 0.07735815644264221,
    "keyslot_top_head": 1.0,
    "keyslot_top_layer": 0.0,
    "lr": 5.000001948077038e-06,
    "p_dynamic": 1.0,
    "p_multi": 0.5,
    "train_acc": 0.58984375,
    "train_loss": 1.0091979503631592
  },
  "final_step": 35999,
  "intro_snapshot": {
    "floor_hop1_acc": 0.12890625,
    "floor_hop2_acc": 0.16162109375,
    "hop1_acc": 1.0,
    "hop1_loss": 8.6622268860026e-06,
    "hop2_acc": 0.0,
    "hop2_loss": 28.933610200881958,
    "keyslot_mean": 0.029043912887573242,
    "keyslot_top1": 0.046567417681217194,
    "keyslot_top_head": 3.0,
    "keyslot_top_layer": 3.0,
    "lr": 0.0006009064556902949,
    "p_dynamic": 1.0,
    "p_multi": 0.5,
    "step": 16000,
    "train_acc": 0.5,
    "train_loss": 15.149761199951172
  },
  "metadata": {
    "condition": "late_gate_post_seed7",
    "extension_label": "cosine_full_horizon",
    "final_lr": 5e-06,
    "final_step": 35999,
    "intro_eval_step": 16000,
    "intro_step": 16000,
    "lr_at_intro_eval": 0.0006009064556902949,
    "lr_at_intro_formula": 0.0006009064556902949,
    "lr_at_t_schedule_eval": 5.000001948077038e-06,
    "lr_at_t_schedule_formula": 5e-06,
    "lr_final_eval": 5.000001948077038e-06,
    "lr_tail_mean": 1.320003705578538e-05,
    "max_steps": 36000,
    "peak_lr": 0.001,
    "post_intro_steps": 20000,
    "rewarm_lr": null,
    "rewarm_step": null,
    "schedule_kind": "warmup_cosine",
    "seed": 7,
    "steps_after_t_schedule": 0,
    "t_schedule": 36000,
    "t_schedule_eval_step": 35999
  },
  "n_eval_rows": 721,
  "run_dir": "runs/behavioral_replication_v0_9/s7/s1_longcos_late/late_gate_post_seed7",
  "t_schedule_snapshot": {
    "floor_hop1_acc": 0.14404296875,
    "floor_hop2_acc": 0.1572265625,
    "hop1_acc": 1.0,
    "hop1_loss": 0.0009016854755827808,
    "hop2_acc": 0.208984375,
    "hop2_loss": 1.8820259645581245,
    "keyslot_mean": 0.026983371004462242,
    "keyslot_top1": 0.07735815644264221,
    "keyslot_top_head": 1.0,
    "keyslot_top_layer": 0.0,
    "lr": 5.000001948077038e-06,
    "p_dynamic": 1.0,
    "p_multi": 0.5,
    "step": 35999,
    "train_acc": 0.58984375,
    "train_loss": 1.0091979503631592
  },
  "tail_metrics": {
    "floor_hop1_acc": 0.14137776692708334,
    "floor_hop2_acc": 0.1420355902777778,
    "hop1_acc": 0.9998779296875,
    "hop2_acc": 0.21351114908854166,
    "lr": 1.320003705578538e-05,
    "train_acc": 0.6111111111111112
  },
  "transitions": {
    "t_floor_hop1_acc_ge_0.95": null,
    "t_floor_hop1_acc_ge_0.99": null,
    "t_floor_hop2_acc_ge_0.50": null,
    "t_floor_hop2_acc_ge_0.8": null,
    "t_floor_hop2_acc_ge_0.95": null,
    "t_floor_hop2_acc_ge_0.99": null,
    "t_hop1_acc_ge_0.95": 4250,
    "t_hop1_acc_ge_0.99": 4400,
    "t_hop2_acc_ge_0.50": null,
    "t_hop2_acc_ge_0.8": null,
    "t_hop2_acc_ge_0.95": null,
    "t_hop2_acc_ge_0.99": null,
    "t_keyslot_top1_ge_half_max": 300
  }
}