{
  "excess_over_floor": {
    "hop1_excess_tail": 0.8596564398871528,
    "hop2_excess_tail": 0.8619045681423612
  },
  "final_metrics": {
    "floor_hop1_acc": 0.12353515625,
    "floor_hop2_acc": 0.14453125,
    "hop1_acc": 1.0,
    "hop1_loss": 3.3910637398548715e-05,
    "hop2_acc": 0.999267578125,
    "hop2_loss": 0.00214156346009986,
    "keyslot_mean": 0.0272708460688591,
    "keyslot_top1": 0.09611634910106659,
    "keyslot_top_head": 1.0,
    "keyslot_top_layer": 0.0,
    "lr": 5.000001948077038e-06,
    "p_dynamic": 1.0,
    "p_multi": 0.5,
    "train_acc": 1.0,
    "train_loss": 0.0001828888343879953
  },
  "final_step": 35999,
  "intro_snapshot": {
    "floor_hop1_acc": 0.14599609375,
    "floor_hop2_acc": 0.14892578125,
    "hop1_acc": 1.0,
    "hop1_loss": 3.071591898162751e-06,
    "hop2_acc": 0.0,
    "hop2_loss": 27.505200028419495,
    "keyslot_mean": 0.029228657484054565,
    "keyslot_top1": 0.04694436863064766,
    "keyslot_top_head": 1.0,
    "keyslot_top_layer": 3.0,
    "lr": 0.0006009064556902949,
    "p_dynamic": 1.0,
    "p_multi": 0.5,
    "step": 16000,
    "train_acc": 0.4921875,
    "train_loss": 14.857341766357422
  },
  "metadata": {
    "condition": "late_gate_post_seed4",
    "extension_label": "cosine_full_horizon",
    "final_lr": 5e-06,
    "final_step": 35999,
    "intro_eval_step": 16000,
    "intro_step": 16000,
    "lr_at_intro_eval": 0.0006009064556902949,
    "lr_at_intro_formula": 0.0006009064556902949,
    "lr_at_t_schedule_eval": 5.000001948077038e-06,
    "lr_at_t_schedule_formula": 5e-06,
    "lr_final_eval": 5.000001948077038e-06,
    "lr_tail_mean": 1.320003705578538e-05,
    "max_steps": 36000,
    "peak_lr": 0.001,
    "post_intro_steps": 20000,
    "rewarm_lr": null,
    "rewarm_step": null,
    "schedule_kind": "warmup_cosine",
    "seed": 4,
    "steps_after_t_schedule": 0,
    "t_schedule": 36000,
    "t_schedule_eval_step": 35999
  },
  "n_eval_rows": 721,
  "run_dir": "runs/behavioral_replication_v0_9/s4/s1_longcos_late/late_gate_post_seed4",
  "t_schedule_snapshot": {
    "floor_hop1_acc": 0.12353515625,
    "floor_hop2_acc": 0.14453125,
    "hop1_acc": 1.0,
    "hop1_loss": 3.3910637398548715e-05,
    "hop2_acc": 0.999267578125,
    "hop2_loss": 0.00214156346009986,
    "keyslot_mean": 0.0272708460688591,
    "keyslot_top1": 0.09611634910106659,
    "keyslot_top_head": 1.0,
    "keyslot_top_layer": 0.0,
    "lr": 5.000001948077038e-06,
    "p_dynamic": 1.0,
    "p_multi": 0.5,
    "step": 35999,
    "train_acc": 1.0,
    "train_loss": 0.0001828888343879953
  },
  "tail_metrics": {
    "floor_hop1_acc": 0.1403266059027778,
    "floor_hop2_acc": 0.1366509331597222,
    "hop1_acc": 0.9999830457899306,
    "hop2_acc": 0.9985555013020834,
    "lr": 1.320003705578538e-05,
    "train_acc": 0.9995659722222222
  },
  "transitions": {
    "t_floor_hop1_acc_ge_0.95": null,
    "t_floor_hop1_acc_ge_0.99": null,
    "t_floor_hop2_acc_ge_0.50": null,
    "t_floor_hop2_acc_ge_0.8": null,
    "t_floor_hop2_acc_ge_0.95": null,
    "t_floor_hop2_acc_ge_0.99": null,
    "t_hop1_acc_ge_0.95": 2000,
    "t_hop1_acc_ge_0.99": 2150,
    "t_hop2_acc_ge_0.50": 21750,
    "t_hop2_acc_ge_0.8": 27750,
    "t_hop2_acc_ge_0.95": 28500,
    "t_hop2_acc_ge_0.99": 30000,
    "t_keyslot_top1_ge_half_max": 20950
  }
}