{
  "excess_over_floor": {
    "hop1_excess_tail": 0.8593584480932204,
    "hop2_excess_tail": 0.029727224576271166
  },
  "final_metrics": {
    "floor_hop1_acc": 0.15478515625,
    "floor_hop2_acc": 0.1435546875,
    "hop1_acc": 1.0,
    "hop1_loss": 4.451359915336184e-06,
    "hop2_acc": 0.173828125,
    "hop2_loss": 2.1766339391469955,
    "keyslot_mean": 0.06304770708084106,
    "keyslot_top1": 0.14076200127601624,
    "keyslot_top_head": 3.0,
    "keyslot_top_layer": 1.0,
    "lr": 5.707931487087708e-06,
    "p_dynamic": 1.0,
    "p_multi": 0.5,
    "train_acc": 0.59765625,
    "train_loss": 1.065001130104065
  },
  "final_step": 29499,
  "intro_snapshot": {
    "floor_hop1_acc": 0.12939453125,
    "floor_hop2_acc": 0.14453125,
    "hop1_acc": 1.0,
    "hop1_loss": 1.0313416853868773e-06,
    "hop2_acc": 0.0,
    "hop2_loss": 27.762171506881714,
    "keyslot_mean": 0.06256885826587677,
    "keyslot_top1": 0.14398697018623352,
    "keyslot_top_head": 0.0,
    "keyslot_top_layer": 1.0,
    "lr": 0.0004628064124873411,
    "p_dynamic": 1.0,
    "p_multi": 0.5,
    "step": 16000,
    "train_acc": 0.46875,
    "train_loss": 15.38621997833252
  },
  "metadata": {
    "condition": "late_gate_post_seed5",
    "extension_label": "cosine_pre_horizon",
    "final_lr": 5e-06,
    "final_step": 29499,
    "intro_eval_step": 16000,
    "intro_step": 16000,
    "lr_at_intro_eval": 0.0004628064124873411,
    "lr_at_intro_formula": 0.0004628064124873411,
    "lr_at_t_schedule_eval": 5.707931487087708e-06,
    "lr_at_t_schedule_formula": 5e-06,
    "lr_final_eval": 5.707931487087708e-06,
    "lr_tail_mean": 1.7687683232546238e-05,
    "max_steps": 29500,
    "peak_lr": 0.001,
    "post_intro_steps": 13500,
    "rewarm_lr": null,
    "rewarm_step": null,
    "schedule_kind": "warmup_cosine",
    "seed": 5,
    "steps_after_t_schedule": 0,
    "t_schedule": 30000,
    "t_schedule_eval_step": 29499
  },
  "n_eval_rows": 591,
  "run_dir": "runs/behavioral_replication_v0_9/s5/s1_late_original/late_gate_post_seed5",
  "t_schedule_snapshot": {
    "floor_hop1_acc": 0.15478515625,
    "floor_hop2_acc": 0.1435546875,
    "hop1_acc": 1.0,
    "hop1_loss": 4.451359915336184e-06,
    "hop2_acc": 0.173828125,
    "hop2_loss": 2.1766339391469955,
    "keyslot_mean": 0.06304770708084106,
    "keyslot_top1": 0.14076200127601624,
    "keyslot_top_head": 3.0,
    "keyslot_top_layer": 1.0,
    "lr": 5.707931487087708e-06,
    "p_dynamic": 1.0,
    "p_multi": 0.5,
    "step": 29499,
    "train_acc": 0.59765625,
    "train_loss": 1.065001130104065
  },
  "tail_metrics": {
    "floor_hop1_acc": 0.1405422404661017,
    "floor_hop2_acc": 0.1434967558262712,
    "hop1_acc": 0.999900688559322,
    "hop2_acc": 0.17322398040254236,
    "lr": 1.7687683232546238e-05,
    "train_acc": 0.5850768008474576
  },
  "transitions": {
    "t_floor_hop1_acc_ge_0.95": null,
    "t_floor_hop1_acc_ge_0.99": null,
    "t_floor_hop2_acc_ge_0.50": null,
    "t_floor_hop2_acc_ge_0.8": null,
    "t_floor_hop2_acc_ge_0.95": null,
    "t_floor_hop2_acc_ge_0.99": null,
    "t_hop1_acc_ge_0.95": 1200,
    "t_hop1_acc_ge_0.99": 1300,
    "t_hop2_acc_ge_0.50": null,
    "t_hop2_acc_ge_0.8": null,
    "t_hop2_acc_ge_0.95": null,
    "t_hop2_acc_ge_0.99": null,
    "t_keyslot_top1_ge_half_max": 300
  }
}